token	pos	baseform
# text
PROTOKOLL	NN	|protokoll|
Nr	NN	|nr|
33	RG	|
FÖRSTA	RO	|
KAMMAREN	NN	|kammare|
1970	RG	|
22	RG	|
—	MID	|
27	RG	|
oktober	NN	|oktober|
Debatter	NN	|debatt|
m	NN	|m|
.	MAD	|
m	NN	|m|
.	MAD	|
Torsdagen	NN	|torsdag|
den	PN	|den|
22	RG	|
oktober	NN	|oktober|
Sid	JJ	|sid|
.	MAD	|
Svar	NN	|svar|
på	PP	|på|
enkla	JJ	|enkel|
frågor	NN	|fråga|
:	MID	|
av	PL	|av|
herr	NN	|herr|
Helén	PM	|Helén|
(	PAD	|
fp	PM	|fp|
)	PAD	|
om	AB	|om|
stimulerande	PC	|stimulera|
av	PL	|av|
privat	JJ	|privat|
sparande	NN	|sparande|
vid	PP	|vid|
årets	NN	|år|
skatteåterbäring	NN	|skatteåterbäring|
—	MID	|
....	MAD	|
sssessesesesererserrrererer	NN	|
er	PN	|ni|
ers	NN	|
3	RG	|
av	PL	|av|
herr	NN	|herr|
Tistad	NN	|
(	PAD	|
fp	PM	|fp|
)	PAD	|
om	PL	|om|
utredning	NN	|utredning|
angående	PC	|angå|
hundskatten	NN	|hundskatt|
....	MAD	|
4	RG	|
av	PL	|av|
herr	NN	|herr|
Tistad	NN	|
(	PAD	|
fp	PM	|fp|
)	PAD	|
om	PL	|om|
åtgärder	NN	|åtgärd|
mot	PP	|mot|
förgiftning	NN	|förgiftning|
genom	PP	|genom|
bly	NN	|bly|
i	NN	|i|
keramikglasyr	VB	|
—	MID	|
ssosssessereeserereesrrrerrrrrr	NN	|
rss	VB	|
rss	NN	|
resa	NN	|resa|
4	RG	|
Fredagen	NN	|fredag|
den	PN	|den|
23	RG	|
oktober	NN	|oktober|
Meddelande	NN	|meddelande|
ang.	AB	|
enkla	JJ	|enkel|
frågor	NN	|fråga|
:	MID	|
av	PL	|av|
herr	NN	|herr|
Björk	PM	|
(	PAD	|
s	NN	|s|
)	PAD	|
ang.	AB	|
politisk	JJ	|politisk|
information	NN	|information|
och	UO	|
propaganda	NN	|propaganda|
på	PL	|på|
.	MAD	|
Arbetsplats	NN	|arbetsplats|
:	MID	|
css	NN	|
se	VB	|se|se om|
ss	NN	|s|
:	MID	|
ess	NN	|ess|
ss	NN	|s|
cen	NN	|
s	NN	|s|
Kö	NN	|kö|
er	PS	|ni|
br	NN	|
rr	NN	|
rr	JJ	|
a	NN	|a|
9	RG	|
av	PL	|av|
herr	NN	|herr|
Björk	PM	|
(	PAD	|
s	NN	|s|
)	PAD	|
om	PL	|om|se om:4|
upphävande	NN	|upphävande|
av	PL	|av|
lagen	NN	|lag|
om	PL	|om|
åtgärder	NN	|åtgärd|
vid	PP	|vid|
samhällsfarlig	JJ	|samhällsfarlig|
asocialitet	NN	|asocialitet|
........	MAD	|
s	NN	|s|
..	MID	|
ssssessrsrrrrrsrsers	NN	|
reser	VB	|resa|
9	RG	|
av	PL	|av|
herr	NN	|herr|
Nilsson	PM	|Nilsson|
,	MID	|
Ferdinand	PM	|Ferdinand|
,	MID	|
(	PAD	|
cp	NN	|
)	PAD	|
ang.	AB	|
priserna	NN	|pris|
på	AB	|på|
livsmedel	NN	|livsmedel|
,	MID	|
IN	AB	|in|
.	MAD	|
IM	UO	|
:	MID	|
sn	NN	|
KN	PM	|
SR	PM	|
Rs	NN	|r|
RR	NN	|
NS	PM	|
RN	NN	|
brå	PM	|
rr	NN	|
kr	NN	|kr|
KR	AB	|
pr	PP	|
Kn	NN	|
oe	NN	|
OR	NN	|or|
BR	PM	|
BN	NN	|
OK	IN	|
BR	NN	|
BiA	NN	|
RR	NN	|
a	NN	|a|
9	RG	|
Tisdagen	NN	|tisdag|
den	PN	|den|
27	RG	|
oktober	NN	|oktober|
Meddelande	NN	|meddelande|
ang.	AB	|
enkel	JJ	|enkel|
fråga	VB	|fråga|
av	PL	|av|
herr	NN	|herr|
Karlsson	PM	|Karlsson|
,	MID	|
Ove	PM	|Ove|
,	MID	|
(	PAD	|
s	NN	|s|
)	PAD	|
om	PL	|om|
vidgad	PC	|vidga|
rätt	JJ	|rätt|
till	AB	|till|
avdrag	NN	|avdrag|
för	AB	|för|
förhöjda	PC	|
levnadsomkostnader	NN	|
för	VB	|föra|
den	DT	|den|en|
som	KN	|
arbetar	VB	|arbeta|
i	PL	|
storstad	NN	|storstad|
men	NN	|men|
bor	NN	|bor|
kvar	PL	|kvar|
i	RG	|
utflyttningsområde	NN	|
....	MAD	|
11	RG	|
1	RG	|
Första	RO	|
kammarens	NN	|kammare|
protokoll	NN	|protokoll|
1970	RG	|
.	MAD	|
Nr	NN	|nr|
33	RG	|
SKL	NN	|
Torsdagen	NN	|torsdag|
den	PN	|den|
22	RG	|
oktober	NN	|oktober|
1970	RG	|
Nr	NN	|nr|
33	RG	|
3	RG	|
Torsdagen	NN	|torsdag|
den	PN	|den|
22	RG	|
oktober	NN	|oktober|
Kammaren	NN	|kammare|
sammanträdde	PC	|sammanträda|
kl.	NN	|kl.|
15.00	RG	|
.	MAD	|
Om	AB	|om|
stimulerande	PC	|stimulera|
av	PL	|av|
privat	JJ	|privat|
sparande	NN	|sparande|
vid	PP	|vid|
årets	NN	|år|
skatteåterbäring	NN	|skatteåterbäring|
Herr	NN	|herr|
statsrådet	NN	|statsråd|
och	KN	|och|
chefen	NN	|chef|
för	PL	|för|
finansdepartementet	NN	|finansdepartement|
STRÄNG	JJ	|sträng|
erhöll	VB	|erhålla|
ordet	NN	|ord|
för	PL	|för|
att	IE	|att|
besvara	VB	|besvara|
herr	NN	|herr|
Heléns	PM	|Helén|
(	PAD	|
fp	PM	|fp|
)	PAD	|
fråga	VB	|fråga|
om	AB	|om|
stimulerande	PC	|stimulera|
av	PL	|av|
privat	JJ	|privat|
sparande	NN	|sparande|
vid	PP	|vid|
årets	NN	|år|
skatteåterbäring	NN	|skatteåterbäring|
,	MID	|
vilken	HD	|
fråga	VB	|fråga|
intagits	VB	|inta|
i	PP	|i|
kammarens	NN	|kammare|
protokoll	NN	|protokoll|
för	KN	|för|
den	PN	|den|
16	RG	|
oktober	NN	|oktober|
,	MID	|
och	UO	|
anförde	VB	|anföra|
:	MID	|
Herr	NN	|herr|
talman	NN	|talman|
!	MAD	|
Herr	NN	|herr|
Helén	PM	|Helén|
har	VB	|ha|
frågat	VB	|fråga|fråga sig|
mig	PN	|jag|fråga sig:4|
om	PL	|om|
jag	PN	|jag|
har	VB	|ha|ha för avsikt|
för	PL	|för|ha för avsikt:8|
avsikt	NN	|avsikt|ha för avsikt:8|
att	IE	|att|
på	PL	|på|
något	NN	|
sätt	NN	|sätt|
stimulera	VB	|stimulera|
till	PP	|till|
ökat	PC	|öka|
privat	JJ	|privat|
sparande	NN	|sparande|
i	PN	|
samband	NN	|samband|
med	AB	|med|
utbetalningen	NN	|utbetalning|
av	PL	|av|
årets	NN	|år|
skatteåterbäring	NN	|skatteåterbäring|
.	MAD	|
Som	HA	|som|
svar	NN	|svar|
på	AB	|på|
frågan	NN	|fråga|
vill	VB	|vilja|
jag	PN	|jag|
meddela	VB	|meddela|
att	IE	|att|
jag	PN	|jag|
ämnar	VB	|ämna|
föreslå	VB	|föreslå|
Kungl	JJ	|
.	MAD	|
Maj:t	NN	|
att	IE	|att|
lägga	VB	|lägga|lägga fram|lägga om|lägga av|
fram	PL	|fram|lägga fram:3|
förslag	NN	|förslag|
om	PL	|om|lägga om:3|
särskild	JJ	|särskild|
premiering	NN	|premiering|
i	PL	|i form|
form	NN	|form|i form:9|
av	PL	|av|lägga av:3|
räntegottgörelse	NN	|
och	UO	|
vinstutlottning	NN	|
på	PP	|på|
sådan	JJ	|sån|
överskjutande	PC	|överskjutande|
skatt	NN	|skatt|
enligt	PP	|enligt|
årets	NN	|år|
taxering	NN	|taxering|
som	HA	|som|
fysiska	JJ	|fysisk|
personer	NN	|person|
frivilligt	AB	|frivillig|
låter	VB	|låta|
innestå	VB	|
under	PL	|
viss	JJ	|viss|
tid	NN	|tid|
.	MAD	|
Herr	NN	|herr|
HELÉN	PM	|
(	PAD	|
fp	PM	|fp|
)	PAD	|
:	MID	|
Herr	NN	|herr|
talman	NN	|talman|
!	MAD	|
Eftersom	SN	|eftersom|
finansministerns	NN	|finansminister|
svar	NN	|svar|
är	VB	|vara|
helt	AB	|hel|helt|
positivt	AB	|positiv|
kunde	VB	|kunna|
det	DT	|den|en|
kanske	AB	|kanske|
räcka	VB	|räcka|
med	PL	|med|
att	SN	|att|
tacka	VB	|tacka|
honom	PN	|han|
för	PL	|för|
svaret	NN	|svar|
.	MAD	|
Jag	PN	|jag|
vill	VB	|vilja|
emellertid	AB	|emellertid|
förklara	VB	|förklara|
att	SN	|att|
när	HA	|när|
jag	PN	|jag|
dagen	NN	|dag|
före	PP	|före|
höstriksdagens	NN	|
början	NN	|början|
väckte	VB	|väcka|
denna	PN	|denna|
fråga	VB	|fråga|
var	HA	|var|
det	DT	|den|en|
därför	AB	|därför|
att	IE	|att|
jag	PN	|jag|
var	AB	|var|
osäker	JJ	|osäker|
om	PP	|om|
finansministerns	NN	|finansminister|
inställning	NN	|inställning|
.	MAD	|
Vi	PM	|
hade	VB	|ha|
under	PL	|
valrörelsen	NN	|valrörelse|
aldrig	AB	|aldrig|
fått	VB	|få|få till|
någon	PN	|någon|
kommentar	NN	|kommentar|
från	PP	|från|
finansministern	NN	|finansminister|
till	PL	|till|få till:6|
det	PN	|den|
förslag	NN	|förslag|
jag	PN	|jag|
där	AB	|där|
förde	PC	|föra|
fram	AB	|fram|
,	MID	|
nämligen	AB	|nämligen|
att	SN	|att|
man	NN	|man|
borde	VB	|böra|
minska	VB	|minska|
de	PN	|de|
risker	NN	|risk|
för	VB	|föra|
en	PN	|man|
inflationseffekt	JJ	|
som	HA	|som|
det	DT	|den|en|
innebär	VB	|innebära|
att	SN	|att|
åtskilligt	AB	|
över	AB	|över|
en	RG	|en|
miljard	RG	|
kronor	NN	|krona|
under	PL	|
slutet	NN	|slut|
av	PL	|av|
året	NN	|år|
kommer	UO	|
ut	PL	|ut|
i	PL	|
ökad	PC	|öka|
köpkraft	NN	|köpkraft|
.	MAD	|
Jag	PN	|jag|
fann	VB	|finna|
det	DT	|den|en|
därför	HA	|därför|
1t	PC	|
Första	RO	|
kammarens	NN	|kammare|
protokoll	NN	|protokoll|
1970	RG	|
.	MAD	|
Nr	NN	|nr|
38	RG	|
naturligt	AB	|naturlig|
att	SN	|att|
försöka	VB	|försöka|
få	JJ	|få|
reda	JJ	|
på	PP	|på|
finansministerns	NN	|finansminister|
syn	NN	|syn|
på	AB	|på|
saken	NN	|sak|
.	MAD	|
Den	DT	|den|en|
kom	VB	|komma|
redan	AB	|redan|
dagen	NN	|dag|
därpå	AB	|därpå|
i	PL	|
proposition	NN	|proposition|
156	RG	|
och	KN	|och|
bekräftas	VB	|bekräfta|
nu	NN	|nu|
av	PL	|av|
detta	DT	|denna|
svar	NN	|svar|
.	MAD	|
Jag	PN	|jag|
vill	VB	|vilja|
emellertid	AB	|emellertid|
helt	AB	|hel|helt|
kort	NN	|kort|
fråga	VB	|fråga|
om	SN	|om|
finansministern	NN	|finansminister|
är	VB	|vara|vara på|
säker	JJ	|säker|
på	PL	|på|vara på:9|
att	IE	|att|
”	PAD	|
Strängaspelet	NN	|
”	PAD	|
i	RG	|
dess	PS	|den|
gamla	JJ	|gammal|
utformning	NN	|utformning|
verkligen	AB	|verkligen|
är	VB	|vara|
det	PN	|den|
bästa	JJ	|bra|bäst|god|
sättet	NN	|sätt|
att	IE	|att|
hos	PP	|hos|
människor	NN	|människa|
bryta	VB	|bryta|
den	PN	|den|
djupt	AB	|djup|
rotade	PC	|rotad|
misstänksamheten	NN	|misstänksamhet|
mot	PP	|mot|
<:inflationens	NN	|
verkningar	NN	|verkning|
i	RG	|
samband	NN	|samband|
med	PP	|med|
sparande	NN	|sparande|
.	MAD	|
Jag	PN	|jag|
förstår	VB	|förstå|
att	IE	|att|
det	DT	|den|en|
finns	VB	|finna|finnas|
psykologiska	JJ	|psykologisk|
skäl	NN	|skäl|
som	KN	|
talar	VB	|tala|
för	PL	|för|
att	SN	|att|
man	NN	|man|
sammankopplar	VB	|sammankoppla|
en	RG	|en|
sådan	JJ	|sån|
här	NN	|här|
premiering	NN	|premiering|
med	PL	|med|
ett	RG	|en|
lotteri	NN	|lotteri|
av	PL	|av|
mera	JJ	|
traditionell	JJ	|traditionell|
typ	AB	|typ|
,	MID	|
men	NN	|men|
det	PN	|den|
vore	VB	|vara|
synd	AB	|synd|
om	PL	|om|
man	PN	|man|
inte	AB	|inte|
också	AB	|också|
samtidigt	JJ	|samtidig|
eller	UO	|
som	HP	|
ersättning	NN	|ersättning|
för	PL	|för|
detta	PN	|denna|
kunde	VB	|kunna|
pröva	VB	|pröva|
en	RG	|en|
konstruktion	NN	|konstruktion|
som	KN	|
garanterar	VB	|garantera|
värdebeständighet	NN	|värdebeständighet|
åt	PL	|
den	PN	|den|
summa	NN	|summa|
vederbörande	PC	|vederböra|vederbörande|
får	NN	|får|
ut	AB	|ut|
.	MAD	|
Vi	PN	|vi|
hinner	VB	|hinna|
inte	AB	|inte|
inom	PP	|inom|
ramen	NN	|ram|
för	KN	|för|
denna	PN	|denna|
korta	JJ	|kort|
frågestund	NN	|frågestund|
gå	VB	|gå|gå in|gå på|gå med|
in	PL	|in|gå in:10|
på	PL	|på|gå på:10|
fördelar	NN	|fördel|
och	UO	|
nackdelar	NN	|nackdel|
med	PL	|med|gå med:10|
ett	RG	|en|
värdefast	AB	|värdefast|
sparande	NN	|sparande|
,	MID	|
men	NN	|men|
det	PN	|den|
vore	VB	|vara|
uppenbarligen	AB	|uppenbarligen|
synd	AB	|synd|
om	PL	|om|
man	PN	|man|
inte	AB	|inte|
i	PL	|
finansdepartementet	NN	|finansdepartement|
vid	PP	|vid|
utformningen	NN	|utformning|
av	PP	|av|
dessa	DT	|denna|
premieringsåtgärder	NN	|
också	AB	|också|
tog	VB	|ta|ta med|ta i|ta med i bilden|
med	PL	|med|ta med:37|ta med i bilden:37|
i	NN	|i|ta i:37|ta med i bilden:37|
bilden	NN	|bild|ta med i bilden:37|
möjligheten	NN	|möjlighet|
att	IE	|att|
,	MID	|
med	PP	|med|
förtur	NN	|förtur|
för	VB	|föra|
de	DT	|en|
personer	NN	|person|
som	KN	|
har	VB	|ha|
inbetalt	VB	|inbetala|
överskjutande	PC	|överskjutande|
preliminär	JJ	|preliminär|
skatt	NN	|skatt|
,	MID	|
också	AB	|också|
ordna	VB	|ordna|
former	NN	|form|
för	PL	|för|
ett	RG	|en|
värdefast	AB	|värdefast|
sparande	NN	|sparande|
.	MAD	|
Herr	NN	|herr|
statsrådet	NN	|statsråd|
STRÄNG	JJ	|sträng|
:	MID	|
Herr	NN	|herr|
talman	NN	|talman|
!	MAD	|
Interpellanten	NN	|interpellant|
ställde	VB	|ställa|
en	PN	|man|
direkt	JJ	|direkt|
fråga	VB	|fråga|fråga sig|
till	AB	|till|
mig	PN	|jag|fråga sig:5|
,	MID	|
men	KN	|men|
jag	PN	|jag|
kan	VB	|kunna|
tyvärr	AB	|tyvärr|
inte	AB	|inte|
svara	VB	|svara|
på	PL	|på|
den	DT	|den|en|
.	MAD	|
Jag	PN	|jag|
skall	NN	|skall|
under	PP	|under|
nästa	JJ	|nästa|
vecka	NN	|vecka|
fundera	VB	|fundera|
över	PP	|över|
dessa	DT	|denna|
frågor	NN	|fråga|
,	MID	|
och	UO	|
resultatet	NN	|resultat|
av	PL	|av|
funderingarna	NN	|fundering|
kommer	UO	|
att	IE	|att|
utan	PL	|
onödig	JJ	|onödig|
tidsutdräkt	NN	|tidsutdräkt|
presenteras	VB	|presentera|
riksdagen	NN	|riksdag|
i	PL	|i form|
form	NN	|form|i form:22|
av	PP	|av|
en	RG	|en|
proposition	NN	|proposition|
.	MAD	|
Överläggningen	NN	|överläggning|
ansågs	VB	|anse|
härmed	AB	|härmed|
slutad	PC	|
.	MAD	|
4	RG	|
Nr	NN	|nr|
33	RG	|
Torsdagen	NN	|torsdag|
den	PN	|den|
22	RG	|
oktober	NN	|oktober|
1970	RG	|
Om	SN	|om|
åtgärder	NN	|åtgärd|
mot	PP	|mot|
förgiftning	NN	|förgiftning|
genom	PP	|genom|
bly	NN	|bly|
i	NN	|i|
keramikglasyr	NN	|
Om	SN	|om|
utredning	NN	|utredning|
angående	PC	|angå|
hundskatten	NN	|hundskatt|
Herr	NN	|herr|
statsrådet	NN	|statsråd|
och	KN	|och|
chefen	NN	|chef|
för	PL	|för|
finansdepartementet	NN	|finansdepartement|
STRÄNG	JJ	|sträng|
erhöll	VB	|erhålla|
ordet	NN	|ord|
för	PL	|för|
att	IE	|att|
besvara	VB	|besvara|
herr	NN	|herr|
Tistads	PM	|
(	PAD	|
fp	PM	|fp|
)	PAD	|
fråga	VB	|fråga|
om	PL	|om|
utredning	NN	|utredning|
angående	PC	|angå|
hundskatten	NN	|hundskatt|
,	MID	|
vilken	HD	|
fråga	VB	|fråga|
intagits	VB	|inta|
i	PP	|i|
kammarens	NN	|kammare|
protokoll	NN	|protokoll|
för	KN	|för|
den	PN	|den|
16	RG	|
oktober	NN	|oktober|
,	MID	|
och	UO	|
yttrade	VB	|yttra|
:	MID	|
Herr	NN	|herr|
talman	NN	|talman|
!	MAD	|
Herr	NN	|herr|
Tistad	PC	|
har	VB	|ha|
frågat	VB	|fråga|fråga sig|
mig	PN	|jag|fråga sig:4|
när	HA	|när|
jag	PN	|jag|
ämnar	VB	|ämna|
låta	VB	|låta|
utföra	VB	|utföra|
den	PN	|den|
utredning	NN	|utredning|
angående	PC	|angå|
hundskatten	NN	|hundskatt|
som	KN	|
riksdagen	NN	|riksdag|
begärde	VB	|begära|
förra	JJ	|förra|
hösten	NN	|höst|
.	MAD	|
Den	PN	|den|
av	PL	|av|
herr	NN	|herr|
Tistad	NN	|
åsyftade	VB	|åsyfta|
utredningen	NN	|utredning|
kommer	UO	|
att	SN	|att|
påbörjas	VB	|påbörja|
inom	PP	|inom|
den	PN	|den|
närmaste	JJ	|nära|
tiden	NN	|tid|
.	MAD	|
Herr	NN	|herr|
TISTAD	NN	|
(	PAD	|
fp	PM	|fp|
)	PAD	|
:	MID	|
Herr	NN	|herr|
talman	NN	|talman|
!	MAD	|
Jag	PN	|jag|
ber	VB	|be|
att	IE	|att|
få	PN	|
tacka	VB	|tacka|
herr	NN	|herr|
statsrådet	NN	|statsråd|
Sträng	JJ	|sträng|
för	SN	|
svaret	NN	|svar|
på	PL	|på|
min	NN	|min|
fråga	VB	|fråga|
.	MAD	|
När	HA	|när|
riksdagen	NN	|riksdag|
förra	JJ	|förra|
året	NN	|år|
begärde	VB	|begära|
denna	PN	|denna|
utredning	NN	|utredning|
var	HA	|var|
det	DT	|den|en|
två	RG	|två|
skäl	NN	|skäl|
som	HA	|som|
föranledde	VB	|föranleda|
detta	DT	|denna|
.	MAD	|
Det	PN	|den|
ena	PN	|ena|
var	VB	|vara|
att	SN	|att|
man	NN	|man|
ifrågasatte	VB	|ifrågasätta|
hundskattens	NN	|hundskatt|
motivering	NN	|motivering|
över	PP	|över|över huvud taget|
huvud	NN	|huvud|över huvud taget:9|
taget	PC	|ta|tagen|över huvud taget:9|
.	MAD	|
Man	PM	|
frågade	VB	|fråga|
sig	PN	|sig|
om	PL	|om|
den	PN	|den|
var	AB	|var|var än|
något	PN	|någon|
annat	AB	|
än	KN	|var än:6|
en	RG	|en|
registreringsavgift	NN	|
och	KN	|och|
i	PP	|i|i så fall|
så	VB	|så|i så fall:13|så ut|
fall	NN	|fall|i så fall:13|
av	PL	|av|
vilken	HP	|
anledning	NN	|anledning|
olika	JJ	|olik|
kommuner	NN	|kommun|
tar	UO	|
ut	PL	|ut|så ut:14|
olika	JJ	|olik|
hög	JJ	|hög|
hundskatt	NN	|hundskatt|
.	MAD	|
Det	PN	|den|
andra	JJ	|andra|annan|
skälet	NN	|skäl|
var	DT	|var|
,	MID	|
att	IE	|att|
även	AB	|även|även om|
om	SN	|om|även om:7|
man	NN	|man|
skulle	VB	|skola|
kunna	VB	|kunna|
tänka	VB	|tänka|tänka sig|
sig	PN	|sig|tänka sig:12|
en	RG	|en|
kommunal	JJ	|kommunal|
skatt	NN	|skatt|
av	AB	|av|
nuvarande	PC	|nuvarande|
konstruktion	NN	|konstruktion|
,	MID	|
så	SN	|
hade	VB	|ha|
frågan	NN	|fråga|
om	PL	|om|
hundskatten	NN	|hundskatt|
kommit	VB	|komma|
i	RG	|
ett	RG	|en|
förändrat	PC	|förändra|
läge	NN	|läge|
genom	PP	|genom|
den	PN	|den|
kommunreform	NN	|kommunreform|
som	KN	|
håller	VB	|hålla|hålla på|
på	PL	|på|hålla på:35|
att	IE	|att|
genomföras	VB	|genomföra|
.	MAD	|
Den	DT	|den|en|
nuvarande	PC	|nuvarande|
hundskattelagen	NN	|
förbjuder	VB	|förbjuda|
nämligen	AB	|nämligen|
en	RG	|en|
differentiering	NN	|differentiering|
av	PL	|av|
hundskatten	NN	|hundskatt|
i	UO	|
olika	JJ	|olik|
kommundelar	NN	|kommundel|
.	MAD	|
Genom	PP	|genom|
<Kkommunindelningsreformen	NN	|
kommer	UO	|
man	NN	|man|
att	SN	|att|
sammanföra	VB	|sammanföra|
ett	PN	|
stort	JJ	|stor|
antal	NN	|antal|
kommuner	NN	|kommun|
av	PL	|av|
mycket	AB	|mycket|
olika	JJ	|olik|
struktur	NN	|struktur|
och	UO	|
”	PAD	|
täthetsgrad	PM	|
”	PAD	|
,	MID	|
där	AB	|där|
hundskatten	NN	|hundskatt|
har	VB	|ha|
varit	VB	|vara|
olika	JJ	|olik|
och	KN	|och|
där	AB	|där|
detta	DT	|denna|
varit	VB	|vara|
helt	AB	|hel|helt|
motiverat	PC	|motivera|motiverad|
.	MAD	|
Nu	AB	|nu|
är	VB	|vara|vara av|
alltså	AB	|alltså|
situationen	NN	|situation|
den	PN	|den|
att	SN	|att|
man	NN	|man|
i	PP	|i|
en	RG	|en|
hel	JJ	|hel|
rad	NN	|rad|
av	PL	|av|vara av:2|
dessa	PN	|denna|
sammanslagna	PC	|sammanslagen|sammanslå|slå samman|
kommuner	NN	|kommun|
måste	VB	|måste|
fastställa	VB	|fastställa|
hundskatten	NN	|hundskatt|
till	PL	|till|
ett	RG	|en|
enhetlig	JJ	|enhetlig|
belopp	NN	|belopp|
,	MID	|
och	KN	|och|
då	AB	|då|
blir	VB	|bli|
det	DT	|den|en|
naturligtvis	AB	|naturligtvis|
gärna	AB	|gärna|
centralortens	NN	|centralort|
hundskatt	NN	|hundskatt|
som	KN	|
blir	VB	|bli|
utslagsgivande	PC	|utslagsgivande|
.	MAD	|
I	PM	|I|
de	DT	|en|
glesbygdskommuner	NN	|
som	KN	|
ingår	VB	|ingå|
i	PP	|i|
en	RG	|en|
ny	JJ	|ny|
storkommun	NN	|storkommun|
kommer	UO	|
man	NN	|man|
i	RG	|
många	JJ	|
fall	NN	|fall|
att	SN	|att|
få	VB	|få|
vidkännas	VB	|vidkännas|
en	RG	|en|
väsentlig	JJ	|väsentlig|
höjning	NN	|höjning|
av	PL	|av|
denna	PN	|denna|
skatt	NN	|skatt|
.	MAD	|
Jag	PN	|jag|
kan	VB	|kunna|
som	HA	|som|
exempel	NN	|exempel|
nämna	VB	|nämna|
den	PN	|den|
kommun	NN	|kommun|
som	HA	|som|
jag	PN	|jag|
tillhör	VB	|tillhöra|
,	MID	|
där	HA	|där|
två	RG	|två|
städer	NN	|stad|
kommer	UO	|
att	SN	|att|
sammanslås	VB	|sammanslå|
med	PL	|med|
fyra	RG	|fyra|
landsbygdskommuner	NN	|
,	MID	|
vilka	HP	|
delvis	AB	|delvis|
är	VB	|vara|
tämligen	AB	|tämligen|
glesbefolkade	PC	|glesbefolkad|
.	MAD	|
I	PP	|i|
dessa	DT	|denna|
kommuner	NN	|kommun|
,	MID	|
som	HA	|som|
nu	NN	|nu|
skall	VB	|skola|
sammanslås	VB	|sammanslå|
,	MID	|
varierar	VB	|variera|
hundskatten	NN	|hundskatt|
mellan	PP	|mellan|
15	RG	|
och	UO	|
75	RG	|
kronor	NN	|krona|
.	MAD	|
Det	DT	|den|en|
är	VB	|vara|vara med|
mycken	JJ	|
olust	NN	|olust|
förenad	PC	|förena|
med	AB	|med|vara med:2|
en	RG	|en|
sådan	JJ	|sån|
här	NN	|här|
sammanläggning	NN	|sammanläggning|
—	MID	|
man	PN	|man|
ser	VB	|se|
ju	AB	|ju|
alla	DT	|all|
nackdelar	NN	|nackdel|
som	KN	|
följer	VB	|följa|
med	PL	|med|
den	DT	|den|en|
och	KN	|och|
bortser	VB	|bortse|
gärna	AB	|gärna|
från	PP	|från|
fördelarna	NN	|fördel|fördelare|
—	MID	|
och	UO	|
att	SN	|att|
man	NN	|man|
då	HA	|då|
i	PL	|i fråga|i fråga om|
fråga	VB	|fråga|i fråga:31|i fråga om:31|fråga sig|
om	PL	|om|i fråga om:31|
denna	PN	|denna|
i	PL	|i och för sig|
och	KN	|och|i och för sig:35|
för	PL	|för|i och för sig:35|för sig|
sig	PN	|sig|fråga sig:32|i och för sig:35|för sig:37|
tämligen	AB	|tämligen|
betydelselösa	JJ	|betydelselös|
skatt	NN	|skatt|
skall	NN	|skall|
få	VB	|få|
en	RG	|en|
höjning	NN	|höjning|
med	PP	|med|
60	RG	|
kronor	NN	|krona|
i	RG	|
den	DT	|den|en|den där|
där	AB	|där|den där:50|
15-kronorskommunen	NN	|
kan	VB	|kunna|
tyckas	VB	|tycka|tyckas|
litet	PN	|litet|
onödigt	AB	|onödig|
.	MAD	|
Det	DT	|den|en|
var	HA	|var|
problem	NN	|problem|
av	PL	|av|
denna	PN	|denna|
art	NN	|art|
man	NN	|man|
från	PL	|från|
riksdagens	NN	|riksdag|
sida	NN	|sida|
ville	VB	|vilja|
ha	VB	|ha|
undersökta	PC	|undersöka|
,	MID	|
när	HA	|när|
man	NN	|man|
förra	JJ	|förra|
året	NN	|år|
begärde	VB	|begära|
en	RG	|en|
utredning	NN	|utredning|
bl.a.	AB	|bl.a.|
av	PL	|av|
frågan	NN	|fråga|
om	PL	|om|
det	DT	|den|en|
inte	AB	|inte|
skulle	VB	|skola|
vara	NN	|vara|
möjligt	JJ	|möjlig|
att	SN	|att|
åstadkomma	VB	|åstadkomma|
en	RG	|en|
differentiering	NN	|differentiering|
av	PL	|av|
hundskatten	NN	|hundskatt|
inom	PP	|inom|
en	RG	|en|
kommun	NN	|kommun|
.	MAD	|
När	HA	|när|
nu	NN	|nu|
herr	NN	|herr|
Sträng	JJ	|sträng|
visserligen	AB	|visserligen|
lovar	NN	|lov|love|
att	SN	|att|
sätta	VB	|sätta|sätta i gång|
i	PL	|sätta i gång:8|i gång|
gång	NN	|gång|sätta i gång:8|i gång:9|
en	RG	|en|
sådan	JJ	|sån|
utredning	NN	|utredning|
snart	AB	|snar|snart|
—	MID	|
men	KN	|men|
ändock	AB	|ändock|
för	KN	|för|för sent|
sent	AB	|sen|för sent:18|
med	PL	|med|med hänsyn till|
hänsyn	NN	|hänsyn|med hänsyn till:20|
till	PL	|till|med hänsyn till:20|
de	PN	|de|
kommunsammanläggningar	NN	|
som	KN	|
sker	VB	|ske|
vid	PP	|vid|
årsskiftet	NN	|årsskifte|
—	MID	|
har	VB	|ha|
man	PN	|man|
nog	AB	|nog|
känslan	NN	|känsla|
av	PL	|av|
att	IE	|att|
finansministern	NN	|finansminister|
i	RG	|i någon mån|
någon	DT	|någon|i någon mån:37|
mån	NN	|mån|i någon mån:37|
har	VB	|ha|
missat	VB	|missa|
poängen	NN	|poäng|
i	PL	|
riksdagsbeslutet	NN	|riksdagsbeslut|
.	MAD	|
Det	DT	|den|en|
är	VB	|vara|
bara	SN	|bara|
att	IE	|att|
beklaga	VB	|beklaga|
detta	PN	|denna|
och	UO	|
hoppas	VB	|hoppa|hoppas|
att	SN	|att|
den	PN	|den|
utredning	NN	|utredning|
som	HP	|
herr	NN	|herr|
Sträng	PC	|sträng|
har	VB	|ha|
lovat	VB	|lova|
sätta	VB	|sätta|sätta i gång|
i	PL	|sätta i gång:17|i gång|
gång	NN	|gång|sätta i gång:17|i gång:18|
skall	NN	|skall|
bli	VB	|bli|
färdig	JJ	|färdig|
i	PL	|i varje fall|
varje	DT	|i varje fall:23|
fall	NN	|fall|i varje fall:23|
till	PP	|till|
1974	RG	|
,	MID	|
då	HA	|då|
nästa	JJ	|nästa|
stora	JJ	|stor|
svep	NN	|svep|
görs	VB	|göra|
i	PL	|i fråga|i fråga om|
fråga	VB	|fråga|i fråga:34|i fråga om:34|
om	PL	|om|i fråga om:34|
kommunsammanläggningar	NN	|
.	MAD	|
Överläggningen	NN	|överläggning|
förklarades	VB	|förklara|
härmed	AB	|härmed|
slutad	PC	|
.	MAD	|
Om	SN	|om|
åtgärder	NN	|åtgärd|
mot	PP	|mot|
förgiftning	NN	|förgiftning|
genom	PP	|genom|
bly	NN	|bly|
i	NN	|i|
keramikglasyr	NN	|
Herr	NN	|herr|
statsrådet	NN	|statsråd|
och	KN	|och|
chefen	NN	|chef|
för	PL	|för|
socialdepartementet	NN	|
ASPLING	PM	|
erhöll	VB	|erhålla|
ordet	NN	|ord|
för	PL	|för|
att	IE	|att|
besvara	VB	|besvara|
herr	NN	|herr|
Tistads	PM	|
(	PAD	|
fp	PM	|fp|
)	PAD	|
fråga	VB	|fråga|
om	PL	|om|
åtgärder	NN	|åtgärd|
mot	PP	|mot|
förgiftning	NN	|förgiftning|
genom	PP	|genom|
bly	NN	|bly|
i	NN	|i|
keramikglasyr	VB	|
,	MID	|
vilken	HD	|
fråga	VB	|fråga|
Torsdagen	NN	|torsdag|
den	PN	|den|
22	RG	|
oktober	NN	|oktober|
1970	RG	|
Nr	NN	|nr|
33	RG	|
5	RG	|
Om	SN	|om|
åtgärder	NN	|åtgärd|
mot	PP	|mot|
förgiftning	NN	|förgiftning|
genom	PP	|genom|
bly	NN	|bly|
i	NN	|i|
keramikglasyr	VB	|
intagits	VB	|inta|
i	PP	|i|
kammarens	NN	|kammare|
protokoll	NN	|protokoll|
för	KN	|för|
den	PN	|den|
16	RG	|
oktober	NN	|oktober|
,	MID	|
och	UO	|
anförde	VB	|anföra|
:	MID	|
Herr	NN	|herr|
talman	NN	|talman|
!	MAD	|
Herr	NN	|herr|
Tistad	PC	|
har	VB	|ha|
frågat	VB	|fråga|
vilka	HD	|
åtgärder	NN	|åtgärd|
jag	PN	|jag|
ämnar	VB	|ämna|
vidta	VB	|vidta|
för	PL	|för|
att	SN	|att|
skapa	VB	|skapa|
ett	PN	|
effektivare	JJ	|effektiv|
skydd	NN	|skydd|
mot	AB	|
förgiftningsrisker	NN	|
på	PL	|på|på grund av|
grund	JJ	|grund|på grund av:18|
av	PL	|av|på grund av:18|
hög	JJ	|hög|
blyhalt	NN	|blyhalt|
i	NN	|i|
keramikglasyr	VB	|
.	MAD	|
Enligt	PP	|enligt|
15	RG	|
$	NN	|
livsmedelsstadgan	NN	|
får	VB	|få|
blyhalten	NN	|blyhalt|
i	PN	|
kärl	NN	|kärl|
,	MID	|
som	KN	|
används	VB	|använda|
för	PL	|för|
beredning	NN	|beredning|
,	MID	|
förvaring	NN	|förvaring|
eller	UO	|
servering	NN	|servering|
av	AB	|av|
livsmedel	NN	|livsmedel|
,	MID	|
inte	AB	|inte|
överstiga	VB	|överstiga|
en	RG	|en|
viss	JJ	|viss|
angiven	PC	|ange|
gräns	NN	|gräns|
.	MAD	|
Tillverkare	NN	|tillverkare|
och	UO	|
importörer	NN	|importör|
är	VB	|vara|
ansvariga	JJ	|ansvarig|
för	PL	|för|
att	IE	|att|
varor	NN	|vara|
som	UO	|
de	DT	|en|
producerar	VB	|producera|
eller	KN	|eller|
saluhåller	VB	|
uppfyller	VB	|uppfylla|
livsmedelsstadgans	NN	|
bestämmelser	NN	|bestämmelse|
.	MAD	|
Straffet	NN	|straff|
för	AB	|för|
brott	NN	|brott|
mot	AB	|
bestämmelsen	NN	|bestämmelse|
om	PL	|om|
blyhalt	NN	|blyhalt|
är	VB	|vara|
dagsböter	NN	|dagsbot|
.	MAD	|
Undersökningar	NN	|undersökning|
som	KN	|
gjorts	VB	|göra|göra av|
vid	PP	|vid|
statens	NN	|stat|
institut	NN	|institut|
för	KN	|för|
folkhälsan	NN	|folkhälsa|
av	UO	|göra av:3|
glaserad	PC	|glasera|
keramik	NN	|keramik|
har	VB	|ha|
visat	PC	|visa|
otillåtet	PC	|otillåten|
höga	JJ	|hög|
blyhalter	NN	|blyhalt|
i	RG	|
flera	PN	|flera|mången|
fall	NN	|fall|
.	MAD	|
Med	PP	|med|
anledning	NN	|anledning|
härav	AB	|härav|
har	VB	|ha|
socialstyrelsen	NN	|socialstyrelse|
,	MID	|
veterinärstyrelsen	PM	|
och	UO	|
statens	NN	|stat|
institut	NN	|institut|
för	KN	|för|
folkhälsan	NN	|folkhälsa|
i	PN	|
ett	PN	|
gemensamt	AB	|gemensam|
meddelande	NN	|meddelande|
i	PL	|
maj	NN	|maj|
1970	RG	|
till	PL	|till|
samtliga	JJ	|samtlig|
hälsovårdsnämnder	NN	|hälsovårdsnämnd|
,	MID	|
läns-	NN	|län|läns|länsa|
och	UO	|
stadsveterinärer	NN	|
m	NN	|m|
.	MAD	|
fl	NN	|
.	MAD	|
framhållit	VB	|framhålla|
att	IE	|att|
det	DT	|den|en|
är	VB	|vara|vara med|
nödvändigt	JJ	|nödvändig|
med	PL	|med|vara med:4|
en	AB	|en|
skärpt	VB	|skärpa|
kontroll	NN	|kontroll|
av	PL	|av|
att	IE	|att|
dessa	DT	|denna|
varor	NN	|vara|
uppfyller	VB	|uppfylla|
fordringarna	NN	|fordran|fordring|
enligt	PP	|enligt|
livsmedelsstadgan	NN	|
.	MAD	|
Frågan	NN	|fråga|
har	VB	|ha|
således	AB	|således|
uppmärksammats	VB	|uppmärksamma|
av	UO	|
de	DT	|en|
myndigheter	NN	|myndighet|
som	KN	|
är	VB	|vara|
ansvariga	JJ	|ansvarig|
för	PP	|för|
livsmedelsstadgans	NN	|
tillämpning	NN	|tillämpning|
.	MAD	|
Herr	NN	|herr|
TISTAD	NN	|
(	PAD	|
fp	PM	|fp|
)	PAD	|
:	MID	|
Herr	NN	|herr|
talman	NN	|talman|
!	MAD	|
Jag	PN	|jag|
ber	VB	|be|
att	SN	|att|
få	VB	|få|
framföra	VB	|framföra|
ett	RG	|en|
tack	NN	|tack|
till	PP	|till|
statsrådet	NN	|statsråd|
Aspling	PM	|
för	PL	|för|
svaret	NN	|svar|
på	PL	|på|
min	NN	|min|
fråga	VB	|fråga|
.	MAD	|
Den	DT	|den|en|
är	VB	|vara|
,	MID	|
som	HP	|
statsrådet	NN	|statsråd|
har	VB	|ha|
förstått	VB	|förstå|
,	MID	|
föranledd	PC	|föranleda|
av	UO	|
de	DT	|en|
undersökningar	NN	|undersökning|
som	HP	|
folkhälsoinstitutet	NN	|
har	VB	|ha|
företagit	VB	|företa|
och	UO	|
den	PN	|den|
diskussion	NN	|diskussion|
som	KN	|
förekommit	VB	|förekomma|
omkring	AB	|omkring|
detta	DT	|denna|
spörsmål	NN	|spörsmål|
.	MAD	|
Folkhälsoinstitutet	NN	|
gjorde	VB	|göra|
sin	PS	|sig|
första	RO	|
undersökning	NN	|undersökning|
1968	RG	|
och	UO	|
följde	VB	|följa|följa upp|
upp	PL	|upp|följa upp:8|
den	PN	|den|
i	PN	|
år	NN	|år|
.	MAD	|
Man	PN	|man|
kanske	AB	|kanske|
kan	VB	|kunna|
tycka	VB	|tycka|
att	SN	|att|
den	PN	|den|
kom	VB	|komma|
något	NN	|
sent	AB	|sen|
eftersom	SN	|eftersom|
den	PN	|den|den här|
här	AB	|här|den här:11|
frågan	NN	|fråga|
uppmärksammades	VB	|uppmärksamma|
i	PL	|
tidskriftspressen	NN	|
redan	AB	|redan|
1966	RG	|
.	MAD	|
Men	KN	|men|
det	PN	|den|
behövdes	VB	|behöva|behövas|
faktiskt	AB	|faktisk|
ett	RG	|en|
rätt	JJ	|rätt|
otäckt	JJ	|otäck|
förgiftningsfall	NN	|
,	MID	|
som	HP	|
inträffade	VB	|inträffa|
1967	RG	|
,	MID	|
för	PL	|för|
att	SN	|att|
man	NN	|man|
skulle	VB	|skola|
börja	VB	|börja|
intressera	VB	|intressera|intressera sig|
sig	PN	|sig|intressera sig:19|
närmare	JJ	|nära|
för	PL	|för|
problemet	NN	|problem|
.	MAD	|
Folkhälso-	NN	|folkhälsa|
institutet	NN	|institut|
gjorde	VB	|göra|
som	HA	|som|som sagt|
sagt	PC	|sagd|säga|som sagt:4|
en	RG	|en|
undersökning	NN	|undersökning|
1968	RG	|
,	MID	|
som	HP	|
gav	VB	|ge|
rent	AB	|ren|rent av|
av	AB	|av|rent av:12|
alarmerande	PC	|alarmera|alarmerande|
resultat	NN	|resultat|
.	MAD	|
Jag	PN	|jag|
kan	VB	|kunna|
såsom	HA	|
exempel	NN	|exempel|
nämna	VB	|nämna|
att	SN	|att|
man	NN	|man|
vid	PL	|
stickprovsundersökningar	NN	|stickprovsundersökning|
fann	VB	|finna|
hushållskeramik	PM	|
,	MID	|
där	AB	|där|
glasyren	NN	|glasyr|
innehöll	VB	|innehålla|
111	RG	|
gånger	NN	|gång|
den	DT	|den|en|
tillåtna	PC	|tillåta|tillåten|
blyhalten	NN	|blyhalt|
.	MAD	|
Man	PM	|
uppmanade	VB	|uppmana|
då	AB	|då|
dem	PN	|de|
som	KN	|
är	VB	|vara|
ansvariga	JJ	|ansvarig|
enligt	PP	|enligt|
livsmedelsstadgan	NN	|
—	MID	|
tillverkarna	NN	|tillverkare|
och	KN	|och|
importörerna	NN	|importör|
att	IE	|att|
uppmärksamma	JJ	|uppmärksam|
detta	DT	|denna|
problem	NN	|problem|
.	MAD	|
Så	AB	|så|
har	VB	|ha|
väl	AB	|väl|
också	AB	|också|
skett	VB	|ske|
i	PL	|i viss mån|
viss	JJ	|viss|i viss mån:6|
mån	NN	|mån|i viss mån:6|
,	MID	|
vilket	HP	|
visas	VB	|visa|
av	PL	|av|
den	PN	|den|
kontrollundersökning	NN	|kontrollundersökning|
som	HP	|
skedde	VB	|ske|
i	RG	|i våras|
våras	VB	|våra|våras|i våras:17|
.	MAD	|
Den	DT	|den|en|
undersökningen	NN	|undersökning|
omfattade	VB	|omfatta|
dock	AB	|dock|
märkligt	JJ	|märklig|
nog	AB	|nog|
bara	AB	|bara|
svensktillverkad	PC	|svensktillverkad|
keramik	NN	|keramik|
och	KN	|och|
inte	AB	|inte|
importerad	PC	|importera|
sådan	JJ	|sån|
.	MAD	|
Jag	PN	|jag|
tycker	VB	|tycka|
att	IE	|att|
det	DT	|den|en|
är	VB	|vara|
underligt	JJ	|underlig|
att	SN	|att|
det	PN	|den|
gick	VB	|gå|gå till|gå på|
till	PL	|till|gå till:9|
på	PL	|på|gå på:9|på det viset|
det	PN	|den|på det viset:11|
viset	NN	|vis|på det viset:11|
,	MID	|
eftersom	AB	|
det	DT	|den|en|
var	DT	|var|
den	DT	|den|en|
importerade	PC	|importera|
keramiken	NN	|keramik|
som	HP	|
innehöll	VB	|innehålla|
de	DT	|en|
verkligt	JJ	|verklig|
alarmerande	AB	|
blyhalterna	NN	|blyhalt|
.	MAD	|
Vid	PP	|vid|
denna	PN	|denna|
kontrollundersökning	NN	|kontrollundersökning|
fick	VB	|få|
man	NN	|man|
ett	PN	|
relativt	AB	|relativ|relativt|
gott	JJ	|god|gott|
resultat	NN	|resultat|
i	PL	|i fråga|i fråga om|
fråga	VB	|fråga|i fråga:10|i fråga om:10|
om	PL	|om|i fråga om:10|
den	DT	|den|en|
svensktillverkade	PC	|svensktillverkad|
keramiken	NN	|keramik|
.	MAD	|
Antalet	NN	|antal|
tillverkare	NN	|tillverkare|
i	PL	|
Sverige	PM	|Sverige|
är	VB	|vara|
trots	PP	|trots|trots allt|
allt	PN	|all|trots allt:6|
begränsat	VB	|begränsa|
,	MID	|
och	UO	|
dessa	DT	|denna|
tillverkare	NN	|tillverkare|
är	VB	|vara|
givetvis	AB	|givetvis|
mycket	AB	|mycket|
intresserade	VB	|intressera|
av	PL	|av|
att	IE	|att|
följa	VB	|följa|
livsmedelsstadgans	NN	|
bestämmelser	NN	|bestämmelse|
och	UO	|
mönstra	VB	|mönstra|
ut	PL	|ut|
produkter	NN	|produkt|
med	PL	|med|
för	SN	|
hög	JJ	|hög|
blyhalt	NN	|blyhalt|
.	MAD	|
När	HA	|när|
det	DT	|den|en|
gäller	VB	|gälla|
den	DT	|den|en|
importerade	PC	|importera|
keramiken	NN	|keramik|
vet	VB	|veta|veta om|
man	PN	|man|
alltså	AB	|alltså|
ingenting	PN	|ingenting|
om	PL	|om|veta om:7|
resultatet	NN	|resultat|
,	MID	|
eftersom	SN	|eftersom|
ingen	PN	|ingen|
uppföljning	NN	|uppföljning|
skett	VB	|ske|
.	MAD	|
Tyvärr	AB	|tyvärr|
vågar	VB	|våga|
man	PN	|man|
inte	AB	|inte|
förutsätta	VB	|förutsätta|
att	IE	|att|
resultatet	NN	|resultat|
är	VB	|vara|
lika	JJ	|lik|lika|
gott	JJ	|god|gott|
som	HA	|som|
för	PL	|för|
de	PN	|de|
svenska	JJ	|svensk|
produkterna	NN	|produkt|
.	MAD	|
Det	DT	|den|en|
är	VB	|vara|
naturligtvis	AB	|naturligtvis|
väsentligt	JJ	|väsentlig|
svårare	JJ	|svår|
för	SN	|
en	RG	|en|
importör	NN	|importör|
att	SN	|att|
förmå	VB	|förmå|
sina	VB	|sina|
leverantörer	NN	|leverantör|
i	PL	|
utlandet	NN	|utland|
att	IE	|att|
iaktta	VB	|iaktta|
de	DT	|en|
svenska	NN	|svenska|
bestämmelserna	NN	|bestämmelse|
än	KN	|
det	DT	|den|en|
är	VB	|vara|
för	SN	|
en	RG	|en|
svensk	JJ	|svensk|
tillverkare	NN	|tillverkare|
,	MID	|
som	HP	|
själv	JJ	|själv|
kontrollerar	VB	|kontrollera|
sin	PS	|sig|
produktion	NN	|produktion|
,	MID	|
att	IE	|att|
iaktta	VB	|iaktta|
dessa	PN	|denna|
.	MAD	|
I	PP	|i|
vårt	PS	|vi|
östra	JJ	|östra|
grannland	NN	|grannland|
har	VB	|ha|
problemet	NN	|problem|
lösts	VB	|lösa|
på	AB	|på|
ett	PN	|
helt	AB	|hel|helt|
annat	AB	|
sätt	VB	|sätta|
.	MAD	|
Man	PN	|man|
har	VB	|ha|
nämligen	AB	|nämligen|
infört	PC	|införa|
importförbud	NN	|importförbud|
beträffande	PP	|beträffande|
porslin	NN	|porslin|
och	UO	|
keramik	NN	|keramik|
,	MID	|
som	KN	|
håller	VB	|hålla|
för	PL	|för|
hög	JJ	|hög|
blyhalt	NN	|blyhalt|
i	PL	|
glasyren	NN	|glasyr|
.	MAD	|
På	AB	|på|på det viset|
det	PN	|den|på det viset:1|
viset	NN	|vis|på det viset:1|
erhålles	VB	|erhålla|
ett	PN	|
effektivt	AB	|effektiv|
skydd	NN	|skydd|
.	MAD	|
Med	PP	|med|med tanke på|
tanke	NN	|tanke|med tanke på:1|
på	UO	|med tanke på:1|
de	DT	|en|
mycket	AB	|mycket|
stora	JJ	|stor|
hälsorisker	NN	|hälsorisk|
som	HA	|som|
här	AB	|här|
föreligger	VB	|föreligga|
undrar	VB	|undra|
jag	PN	|jag|
om	AB	|om|
inte	AB	|inte|
detta	PN	|denna|
vore	VB	|vara|
den	PN	|den|
lösning	NN	|lösning|
som	HP	|
man	NN	|man|
borde	VB	|böra|
försöka	VB	|försöka|
nå	AB	|
även	AB	|även|
i	PL	|
Sverige	PM	|Sverige|
.	MAD	|
Det	DT	|den|en|
är	VB	|vara|
säkerligen	AB	|säkerligen|
ganska	AB	|ganska|
svårt	JJ	|svår|
6	RG	|
Nr	NN	|nr|
33	RG	|
Torsdagen	NN	|torsdag|
den	PN	|den|
22	RG	|
oktober	NN	|oktober|
1970	RG	|
Om	SN	|om|
åtgärder	NN	|åtgärd|
mot	PP	|mot|
förgiftning	NN	|förgiftning|
genom	PP	|genom|
bly	NN	|bly|
i	NN	|i|
keramikglasyr	NN	|
för	SN	|
en	RG	|en|
importör	NN	|importör|
att	IE	|att|
övervaka	VB	|övervaka|
sina	VB	|sina|
leverantörer	NN	|leverantör|
.	MAD	|
Enligt	PP	|enligt|
vad	HA	|vad|
jag	PN	|jag|
läst	PC	|läsa|
mig	PN	|jag|
till	AB	|till|
kan	VB	|kunna|
man	PN	|man|
nämligen	AB	|nämligen|
inte	AB	|inte|
i	PL	|i förväg|
förväg	NN	|i förväg:11|
förutse	VB	|förutse|
blyhalten	NN	|blyhalt|
i	PL	|
glasyren	NN	|glasyr|
,	MID	|
utan	PL	|
man	NN	|man|
får	NN	|får|
kontrollera	VB	|kontrollera|
sin	PS	|sig|
produktion	NN	|produktion|
i	PN	|i efterhand|
efterhand	AB	|efterhand|i efterhand:24|
.	MAD	|
Ett	RG	|en|
så	UO	|
uppbyggt	PC	|uppbygga|
system	NN	|system|
för	PL	|för|
kontroll	NN	|kontroll|
av	PL	|av|
importvaror	NN	|
måste	NN	|måste|
verka	VB	|verka|
mycket	PN	|mycken|
slumpmässigt	AB	|slumpmässig|
.	MAD	|
Efter	PL	|
att	SN	|att|
ha	VB	|ha|
studerat	VB	|studera|
denna	DT	|denna|
fråga	VB	|fråga|
har	VB	|ha|
jag	PN	|jag|
kommit	VB	|komma|komma till|
till	PL	|till|komma till:9|
det	PN	|den|
resultatet	NN	|resultat|
att	SN	|att|
det	PN	|den|
enda	JJ	|enda|
riktiga	JJ	|riktig|
vore	VB	|vara|
att	IE	|att|
införa	VB	|införa|
ett	RG	|en|
importförbud	NN	|importförbud|
på	PP	|på|
keramik	NN	|keramik|
och	UO	|
porslin	NN	|porslin|
med	PL	|med|
för	SN	|
hög	JJ	|hög|
blyhalt	NN	|blyhalt|
.	MAD	|
Jag	PN	|jag|
vill	VB	|vilja|
fråga	NN	|fråga|
statsrådet	NN	|statsråd|
om	PL	|om|
han	PN	|han|
inte	AB	|inte|
överväger	VB	|överväga|
en	RG	|en|
sådan	JJ	|sån|
lösning	NN	|lösning|
,	MID	|
när	HA	|när|
han	PN	|han|
nu	UO	|
i	PN	|
samband	NN	|samband|
med	AB	|med|
prövningen	NN	|prövning|
av	PP	|av|
en	RG	|en|
ny	JJ	|ny|
livsmedelslagstiftning	NN	|
måste	NN	|måste|
ta	VB	|ta|ta ställning|ta till|
ställning	NN	|ställning|ta ställning:25|
till	PL	|till|ta till:25|
denna	DT	|denna|
fråga	VB	|fråga|
.	MAD	|
Herr	NN	|herr|
statsrådet	NN	|statsråd|
ASPLING	PM	|
:	MID	|
Herr	NN	|herr|
talman	NN	|talman|
!	MAD	|
Den	PN	|den|
undersökning	NN	|undersökning|
som	HP	|
herr	NN	|herr|
Tistad	JJ	|
här	AB	|här|
har	VB	|ha|
omnämnt	PC	|omnämna|
och	UO	|
som	HP	|
genomfördes	VB	|genomföra|
av	PP	|av|
statens	NN	|stat|
institut	NN	|institut|
för	KN	|för|
folkhälsan	NN	|folkhälsa|
skedde	VB	|ske|
i	PL	|
etapper	NN	|etapp|
och	UO	|
avslutades	VB	|avsluta|
i	RG	|i våras|
våras	VB	|våra|våras|i våras:22|
.	MAD	|
Den	PN	|den|
omfattade	VB	|omfatta|
också	AB	|också|
varor	NN	|vara|
med	PP	|med|
utländskt	JJ	|utländsk|
ursprung	NN	|ursprung|
.	MAD	|
Undersökningarna	NN	|undersökning|
skedde	VB	|ske|
nämligen	AB	|nämligen|
stegvis	AB	|stegvis|
.	MAD	|
Jag	PN	|jag|
vill	VB	|vilja|
understryka	VB	|understryka|
att	IE	|att|
statens	NN	|stat|
institut	NN	|institut|
för	KN	|för|
folkhälsan	NN	|folkhälsa|
har	VB	|ha|
gjort	VB	|göra|göra av|
omfattande	PC	|omfatta|omfattande|
undersökningar	NN	|undersökning|
av	PL	|av|göra av:10|
blyhalten	NN	|blyhalt|
i	PN	|
ett	PN	|
stort	AB	|stor|
antal	NN	|antal|
kärl	NN	|kärl|
av	PL	|av|
detta	DT	|denna|
slag	NN	|slag|
.	MAD	|
Såsom	HA	|
jag	PN	|jag|
har	VB	|ha|
sagt	PC	|sagd|säga|
i	RG	|
mitt	NN	|mitt|
svar	NN	|svar|
konstaterades	VB	|konstatera|
att	IE	|att|
blyhalten	NN	|blyhalt|
i	UO	|
vissa	JJ	|viss|
fall	NN	|fall|
överskred	VB	|överskrida|
de	PN	|de|
tillåtna	PC	|tillåta|tillåten|
gränserna	NN	|gräns|
.	MAD	|
Med	PP	|med|
anledning	NN	|anledning|
härav	AB	|härav|
har	VB	|ha|
folkhälsoinstitutet	PM	|
underrättat	PC	|underrätta|
vederbörande	NN	|vederbörande|
tillverkare	NN	|tillverkare|
och	UO	|
importörer	NN	|importör|
om	PL	|om|
undersökningsresultatet	NN	|
och	KN	|och|
begärt	VB	|begära|
omedelbar	JJ	|omedelbar|
rättelse	NN	|rättelse|
.	MAD	|
Kontrollen	NN	|kontroll|
kommer	UO	|
självfallet	AB	|självfallen|självfallet|
att	SN	|att|
följas	VB	|följa|följa upp|
upp	PL	|upp|följa upp:5|
av	PL	|av|
folkhälsoinstitutet	NN	|
.	MAD	|
Även	AB	|även|
<hälsovårdsnämnderna	NN	|
har	VB	|ha|
fått	VB	|få|
instruktioner	NN	|instruktion|
att	SN	|att|
skärpa	NN	|skärpa|
kontrollen	NN	|kontroll|
.	MAD	|
De	PN	|de|
ansvariga	JJ	|ansvarig|
myndigheterna	NN	|myndighet|
arbetar	VB	|arbeta|arbeta av|
alltså	AB	|alltså|
för	PL	|för|
att	SN	|att|
skärpa	NN	|skärpa|
kontrollen	NN	|kontroll|
över	PP	|över|
tillverkning	NN	|tillverkning|
och	UO	|
import	NN	|import|
av	UO	|arbeta av:4|
glaserad	PC	|glasera|
keramik	NN	|keramik|
.	MAD	|
Jag	PN	|jag|
vill	VB	|vilja|
här	NN	|här|
göra	VB	|göra|
ett	PN	|
tillägg	NN	|tillägg|
.	MAD	|
Ett	PN	|ett par|
par	UO	|ett par:1|
typer	NN	|typ|
av	PL	|av|
keramik	NN	|keramik|
är	VB	|vara|
svårare	JJ	|svår|
att	SN	|att|
kontrollera	VB	|kontrollera|
.	MAD	|
Det	DT	|den|en|
gäller	VB	|gälla|
dels	KN	|
konsthantverksprodukter	NN	|
som	KN	|
kanske	AB	|kanske|
främst	AB	|främst|
är	VB	|vara|
avsedda	PC	|avse|avsedd|
att	SN	|att|
vara	VB	|vara|
prydnadsföremål	NN	|prydnadsföremål|
,	MID	|
dels	KN	|
keramik	NN	|keramik|
som	HP	|
turister	NN	|turist|
köper	VB	|köpa|
såsom	HA	|
sou-	NN	|
venirer	NN	|
från	PP	|från|
utlandet	NN	|utland|
.	MAD	|
Vill	VB	|vilja|
man	NN	|man|
förvara	VB	|förvara|
mat	NN	|mat|
i	RG	|
sådana	PN	|sån|
kärl	NN	|kärl|
kan	VB	|kunna|
man	NN	|man|
vända	VB	|vända|vända sig|
sig	PN	|sig|vända sig:10|
till	AB	|till|
något	PN	|någon|
av	PP	|av|
hälsovårdsnämndernas	NN	|hälsovårdsnämnd|
laboratorier	NN	|laboratorium|
eller	UO	|
till	PL	|till|
statens	NN	|stat|
provningsanstalt	JJ	|
och	KN	|och|
få	VB	|få|
blyhalten	NN	|blyhalt|
kontrollerad	PC	|kontrollera|
.	MAD	|
Herr	NN	|herr|
Tistad	PC	|
känner	VB	|känna|känna till|
säkerligen	AB	|säkerligen|
till	PL	|till|känna till:3|
att	SN	|att|
folkhälsoinstitutet	PM	|
i	RG	|i våras|
våras	VB	|våra|våras|i våras:8|
utfärdade	PC	|utfärda|
ett	RG	|en|
cirkulär	JJ	|cirkulär|
med	PP	|med|
ingående	JJ	|ingående|
informationer	NN	|information|
till	AB	|till|
hälsovårdsnämnderna	NN	|hälsovårdsnämnd|
.	MAD	|
Samtidigt	AB	|samtidig|
publicerade	VB	|publicera|
institutet	NN	|institut|
resultaten	NN	|resultat|
av	PL	|av|
sina	VB	|sina|
undersökningar	NN	|undersökning|
i	PL	|
tidskriften	NN	|tidskrift|
Vår	NN	|vår|
föda	VB	|föda|
.	MAD	|
I	NN	|I|
dagarna	NN	|dag|
har	VB	|ha|
folkhälsoinstitutet	NN	|
dessutom	AB	|dessutom|
i	RG	|
material	NN	|material|
som	KN	|
tillställts	PC	|ställa till|tillställa|
massmedia	NN	|massmedium|
lämnat	VB	|lämna|
information	NN	|information|
till	AB	|till|
allmänheten	NN	|allmänhet|
beträffande	PP	|beträffande|
dessa	DT	|denna|
frågor	NN	|fråga|
.	MAD	|
Herr	NN	|herr|
Tistad	NN	|
frågade	VB	|fråga|
i	PL	|
slutet	NN	|slut|
av	AB	|av|
sitt	PS	|sig|
inlägg	NN	|inlägg|
huruvida	SN	|huruvida|
inte	AB	|inte|
den	PN	|den|den här|
här	AB	|här|den här:11|
frågan	NN	|fråga|
kan	VB	|kunna|
bli	VB	|bli|bli med|
föremål	NN	|föremål|
för	PL	|för|
prövning	NN	|prövning|
i	RG	|
samband	NN	|samband|
med	PL	|med|bli med:15|
att	IE	|att|
vi	PN	|vi|
griper	VB	|gripa|gripa sig an|
oss	PN	|vi|gripa sig an:24|
an	PL	|an|gripa sig an:24|
arbetet	NN	|arbete|
med	PL	|med|
att	IE	|att|
utforma	VB	|utforma|
en	RG	|en|
ny	JJ	|ny|
livsmedelslagstiftning	NN	|
.	MAD	|
Självfallet	AB	|självfallen|självfallet|
kommer	VB	|komma|
vi	PN	|vi|
att	IE	|att|
pröva	VB	|pröva|
en	RG	|en|
rad	NN	|rad|
frågor	NN	|fråga|
som	KN	|
kan	VB	|kunna|
ha	VB	|ha|
samband	NN	|samband|
med	PP	|med|
risker	NN	|risk|
av	PL	|av|
olika	AB	|olika|
slag	NN	|slag|
.	MAD	|
Det	DT	|den|en|
är	VB	|vara|
ett	RG	|en|
mycket	PN	|mycken|
omfattande	PC	|omfatta|omfattande|
och	UO	|
grundligt	AB	|grundlig|
lagstiftningsarbete	NN	|
som	KN	|
förestår	VB	|förestå|
på	PP	|på|
området	NN	|område|
.	MAD	|
Herr	NN	|herr|
TISTAD	NN	|
(	PAD	|
fp	PM	|fp|
)	PAD	|
:	MID	|
Herr	NN	|herr|
talman	NN	|talman|
!	MAD	|
Statsrådet	NN	|statsråd|
Aspling	PM	|
förbigick	VB	|förbigå|
i	PN	|
sitt	PS	|sig|
inlägg	NN	|inlägg|
den	DT	|den|en|
omständigheten	NN	|omständighet|
att	IE	|att|
folkhälsoinstitutets	NN	|
uppföljningsundersökning	NN	|
i	RG	|
år	NN	|år|
omfattade	VB	|omfatta|
bara	SN	|bara|
de	PN	|de|
inhemska	JJ	|inhemsk|
fabrikaten	NN	|fabrikat|
.	MAD	|
1968	RG	|
gjordes	VB	|göra|
dock	KN	|
en	RG	|en|
undersökning	NN	|undersökning|
,	MID	|
omfattande	PC	|omfatta|omfattande|
både	KN	|både och|
svenska	JJ	|svensk|
och	UO	|både och:8|
utländska	JJ	|utländsk|
fabrikat	NN	|fabrikat|
,	MID	|
vilken	HP	|
redovisas	VB	|redovisa|
i	PL	|
två	RG	|två|
tabeller	NN	|tabell|
i	RG	|
Vår	NN	|vår|
föda	VB	|föda|
nr	NN	|nr|
5	RG	|
/	PAD	|
1970	RG	|
,	MID	|
en	PN	|man|
för	VB	|föra|
svenska	JJ	|svensk|
och	KN	|och|
en	RG	|en|
för	PP	|för|
utländska	JJ	|utländsk|
fabrikat	NN	|fabrikat|
.	MAD	|
Enligt	PP	|enligt|
den	DT	|den|en|
undersökningen	NN	|undersökning|
fann	VB	|finna|
man	NN	|man|
de	PN	|de|
högsta	JJ	|hög|
blyhalterna	NN	|blyhalt|
hos	PP	|hos|
utländska	JJ	|utländsk|
fabrikat	NN	|fabrikat|
.	MAD	|
En	PN	|man|
produkt	NN	|produkt|
hade	VB	|ha|
111	RG	|
gånger	NN	|gång|
högre	JJ	|hög|
blyhalt	NN	|blyhalt|
än	KN	|
den	DT	|den|en|
tilllåtna	NN	|
,	MID	|
nämligen	AB	|nämligen|
333	RG	|
mg	NN	|mg|
per	PP	|per|
liter	NN	|liter|
vid	PL	|
urkokning	NN	|
,	MID	|
under	PL	|under det att|
det	PN	|den|under det att:20|
att	SN	|att|under det att:20|
den	DT	|den|en|
tillåtna	PC	|tillåta|tillåten|
blyhalten	NN	|blyhalt|
är	VB	|vara|
3	RG	|
mg	NN	|mg|
per	PP	|per|
liter	NN	|liter|
.	MAD	|
I	RG	|I|
den	PN	|den|
undersökning	NN	|undersökning|
som	HP	|
gjordes	VB	|göra|
1970	RG	|
,	MID	|
vilken	HP	|
redovisas	VB	|redovisa|
i	PL	|
tabell	NN	|tabell|
4	RG	|
i	PL	|
tidskriften	NN	|tidskrift|
,	MID	|
ingick	VB	|ingå|
endast	AB	|endast|
svenska	NN	|svenska|
fabrikat	NN	|fabrikat|
.	MAD	|
Vad	HP	|vad|vad än|
skälet	NN	|skäl|
än	KN	|vad än:1|
kan	VB	|kunna|
vara	VB	|vara|vara till|
till	AB	|till|vara till:5|
detta	DT	|denna|
,	MID	|
så	KN	|så|
har	VB	|ha|
jag	PN	|jag|
inte	AB	|inte|
blivit	VB	|bli|
lugnad	PC	|lugna|
beträffande	PP	|beträffande|
de	PM	|
utländska	JJ	|utländsk|
fabrikaten	NN	|fabrikat|
.	MAD	|
Jag	PN	|jag|
kan	VB	|kunna|
vitsorda	VB	|vitsorda|
att	IE	|att|
det	DT	|den|en|
har	VB	|ha|
vidtagits	VB	|vidta|
åtgärder	NN	|åtgärd|
—	MID	|
alla	DT	|all|
importörer	NN	|importör|
Torsdagen	NN	|torsdag|
den	PN	|den|
22	RG	|
oktober	NN	|oktober|
1970	RG	|
Nr	NN	|nr|
33	RG	|
7	RG	|
Om	SN	|om|
åtgärder	NN	|åtgärd|
mot	PP	|mot|
förgiftning	NN	|förgiftning|
genom	PP	|genom|
bly	NN	|bly|
i	NN	|i|
keramikglasyr	VB	|
har	VB	|ha|
tillskrivits	VB	|tillskriva|
med	PP	|med|
framhållande	NN	|framhållande|
av	PL	|av|
angelägenheten	NN	|angelägenhet|
av	PL	|av|
att	IE	|att|
bestämmelserna	NN	|bestämmelse|
efterlevs	VB	|efterleva|
—	MID	|
men	NN	|men|
det	DT	|den|en|
har	VB	|ha|
inte	AB	|inte|
gjorts	VB	|göra|göra av|
någon	PN	|någon|
kontroll	NN	|kontroll|
av	AB	|av|göra av:43|
i	RG	|i vad mån|
vad	HP	|vad|i vad mån:47|
mån	JJ	|mån|i vad mån:47|
dessa	DT	|denna|
åtgärder	NN	|åtgärd|
har	VB	|ha|
burit	VB	|bära|bära frukt|
frukt	NN	|frukt|bära frukt:53|
,	MID	|
och	KN	|och|
detta	DT	|denna|
tycker	VB	|tycka|
jag	PN	|jag|
är	VB	|vara|
en	RG	|en|
brist	NN	|brist|
.	MAD	|
Det	DT	|den|en|
är	VB	|vara|vara på|
väl	NN	|väl|
klart	PL	|
att	IE	|att|
lagstiftningen	NN	|lagstiftning|
på	PL	|på|vara på:2|
det	PN	|den|den här|
här	NN	|här|den här:8|
området	NN	|område|
kommer	UO	|
att	IE	|att|
omprövas	VB	|ompröva|
i	RG	|
samband	NN	|samband|
med	PP	|med|
införandet	NN	|införande|
av	PP	|av|
en	RG	|en|
ny	JJ	|ny|
livsmedelsstadga	JJ	|
.	MAD	|
De	DT	|en|
nuvarande	PC	|nuvarande|
bestämmelserna	NN	|bestämmelse|
står	VB	|stå|stå i|
ju	KN	|
i	PL	|stå i:4|
livsmedelsstadgan	NN	|
,	MID	|
men	KN	|men|
jag	PN	|jag|
ifrågasätter	VB	|ifrågasätta|
om	PL	|om|
man	PN	|man|
inte	AB	|inte|
borde	VB	|böra|
bryta	VB	|bryta|bryta ut|
ut	AB	|ut|bryta ut:16|
den	DT	|den|en|
importerade	PC	|importera|
keramiken	NN	|keramik|
ur	PL	|
denna	PN	|denna|
lagstiftning	NN	|lagstiftning|
och	KN	|och|
i	PL	|i likhet med|
likhet	NN	|likhet|i likhet med:25|
med	AB	|med|i likhet med:25|
vad	HP	|vad|
som	KN	|
skett	VB	|ske|
i	PL	|
Finland	PM	|Finland|
föreskriva	VB	|föreskriva|
ett	RG	|en|
särskilt	PC	|särskild|särskilja|
importförbud	NN	|importförbud|
.	MAD	|
Vi	PN	|vi|
har	VB	|ha|
dock	KN	|
här	NN	|här|
i	PL	|
landet	NN	|land|
en	RG	|en|
institution	NN	|institution|
,	MID	|
utrustad	PC	|utrusta|
med	PP	|med|
laboratorieresurser	NN	|
,	MID	|
som	KN	|
kan	VB	|kunna|
övervaka	VB	|övervaka|
ett	RG	|en|
sådant	JJ	|sån|
förbud	NN	|förbud|
och	KN	|och|
som	KN	|
har	VB	|ha|
till	PL	|till|
uppgift	NN	|uppgift|
att	SN	|att|
hålla	VB	|hålla|hålla ett öga|hålla öga|hålla på|
ett	RG	|en|hålla ett öga:26|
öga	NN	|öga|hålla ett öga:26|hålla öga:26|
på	AB	|på|hålla på:26|
importen	NN	|import|
,	MID	|
nämligen	AB	|nämligen|
tullverket	NN	|tullverk|
.	MAD	|
Givetvis	AB	|givetvis|
behövs	VB	|behöva|behövas|
det	DT	|den|en|
inte	AB	|inte|
laboratorieundersökningar	NN	|
i	RG	|i alla fall|
alla	PN	|all|i alla fall:6|
fall	NN	|fall|i alla fall:6|
,	MID	|
utan	KN	|utan|
man	PN	|man|
kan	VB	|kunna|
i	PP	|i|
åtskilliga	JJ	|åtskillig|
fall	NN	|fall|
nöja	VB	|nöja sig|
sig	PN	|sig|nöja sig:16|
med	PP	|med|
vederhäftiga	JJ	|vederhäftig|
intyg	NN	|intyg|
från	PP	|från|
tillverkaren	NN	|tillverkare|
.	MAD	|
Med	PL	|med|med hänsyn till|
hänsyn	NN	|hänsyn|med hänsyn till:1|
till	PL	|till|med hänsyn till:1|
de	PN	|de|
hälsorisker	NN	|hälsorisk|
det	PN	|den|den här|
här	AB	|här|den här:6|
gäller	VB	|gälla|
skulle	VB	|skola|
jag	PN	|jag|
vilja	VB	|vilja|
ifrågasätta	VB	|ifrågasätta|
om	AB	|om|
inte	AB	|inte|
även	AB	|även|
den	DT	|den|en|
linjen	NN	|linje|
bör	VB	|böra|
prövas	VB	|pröva|
,	MID	|
när	VB	|nära|
frågan	NN	|fråga|
nu	UO	|
skall	NN	|skall|
tas	VB	|ta|tas|ta upp|ta i|
upp	PL	|upp|ta upp:25|
i	PL	|ta i:25|
socialdepartementet	NN	|
.	MAD	|
Det	DT	|den|en|
är	VB	|vara|
klart	PL	|
att	IE	|att|
man	NN	|man|
i	RG	|
ett	RG	|en|
sådant	JJ	|sån|
importförbud	NN	|importförbud|
inte	AB	|inte|
kan	VB	|kunna|
fånga	NN	|
upp	PL	|upp|
den	PN	|den|
import	NN	|import|
som	KN	|
sker	VB	|ske|
med	PP	|med|
resenärer	NN	|resenär|
,	MID	|
men	NN	|men|
det	DT	|den|en|
finns	VB	|finna|finnas|
ju	KN	|
något	NN	|
som	KN	|
heter	VB	|heta|
”	PAD	|
den	PN	|den|
resandes	NN	|resande|
ensak	NN	|ensak|
”	PAD	|
.	MAD	|
Om	SN	|om|
en	PN	|man|
eller	UO	|
annan	JJ	|annan|
turist	NN	|turist|
har	VB	|ha|
med	PP	|med|
sig	PN	|sig|
någon	PN	|någon|
enstaka	JJ	|enstaka|
pjäs	NN	|pjäs|
blir	VB	|bli|
det	DT	|den|en|
i	RG	|i alla fall|
alla	DT	|all|i alla fall:14|
fall	NN	|fall|i alla fall:14|
ingen	PN	|ingen|
sådan	JJ	|sån|
multiplikationseffekt	JJ	|
som	HA	|som|
när	AB	|när|
man	PN	|man|
importerar	VB	|importera|
stora	JJ	|stor|
mängder	NN	|mängd|
keramik	NN	|keramik|
och	UO	|
porslin	NN	|porslin|
till	PL	|till|
Sverige	PM	|Sverige|
och	KN	|och|
säljer	VB	|sälja|
den	PN	|den|
i	PL	|i handeln|
handeln	NN	|handel|i handeln:34|
.	MAD	|
Herr	NN	|herr|
statsrådet	NN	|statsråd|
ASPLING	PM	|
:	MID	|
Herr	NN	|herr|
talman	NN	|talman|
!	MAD	|
Jag	PN	|jag|
vill	VB	|vilja|
understryka	VB	|understryka|
vad	HA	|vad|
jag	PN	|jag|
redan	AB	|redan|
framhållit	VB	|framhålla|
,	MID	|
nämligen	AB	|nämligen|
att	SN	|att|
folkhälsoinstitutet	NN	|
inte	AB	|inte|
bara	SN	|bara|
i	PL	|i hög grad|
hög	JJ	|hög|i hög grad:14|
grad	NN	|grad|i hög grad:14|
har	VB	|ha|
observerat	VB	|observera|
dessa	DT	|denna|
ting	NN	|ting|
och	UO	|
utfört	PC	|utföra|
kontroller	NN	|kontroll|
utan	KN	|utan|
att	SN	|att|
man	PN	|man|
också	AB	|också|
kommer	UO	|
att	SN	|att|
följa	VB	|följa|följa upp|
upp	PL	|upp|följa upp:30|
det	PN	|den|
arbete	NN	|arbete|
som	KN	|
har	VB	|ha|
påbörjats	VB	|påbörja|
.	MAD	|
Vid	PP	|vid|
denna	PN	|denna|
uppföljning	NN	|uppföljning|
kommer	VB	|komma|
naturligtvis	AB	|naturligtvis|
även	AB	|även|
det	PN	|den|
utländska	JJ	|utländsk|
materialet	NN	|material|
att	SN	|att|
bli	VB	|bli|
föremål	NN	|föremål|
för	PL	|för|
granskning	NN	|granskning|
.	MAD	|
Överläggningen	NN	|överläggning|
ansågs	VB	|anse|
härmed	AB	|härmed|
slutad	PC	|
.	MAD	|
Anmäldes	VB	|anmäla|
och	UO	|
bordlades	VB	|bordlägga|
Kungl	JJ	|
.	MAD	|
Maj:ts	NN	|
till	AB	|till|
kammaren	NN	|kammare|
överlämnade	VB	|överlämna|
proposition	NN	|proposition|
nr	NN	|nr|
153	RG	|
,	MID	|
med	AB	|med|
förslag	NN	|förslag|
till	AB	|till|
lag	NN	|lag|
om	PP	|om|
vissa	JJ	|viss|
kommunala	JJ	|kommunal|
befogenheter	NN	|befogenhet|
i	PL	|i fråga|i fråga om|
fråga	VB	|fråga|i fråga:17|i fråga om:17|
om	PL	|om|i fråga om:17|
sysselsättning	NN	|sysselsättning|
för	AB	|för|
handikappade	PC	|handikappa|handikappad|
.	MAD	|
Anmäldes	VB	|anmäla|
och	UO	|
bordlades	VB	|bordlägga|
en	AB	|en|
av	PL	|av|
herr	NN	|herr|
Skårman	NN	|
avlämnad	PC	|avlämna|
motion	NN	|motion|
,	MID	|
nr	NN	|nr|
1266	RG	|
,	MID	|
i	PL	|
anledning	NN	|anledning|
av	PL	|av|
Kungl	JJ	|
.	MAD	|
Maj:ts	NN	|
proposition	NN	|proposition|
nr	NN	|nr|
145	RG	|
,	MID	|
med	AB	|med|
förslag	NN	|förslag|
till	AB	|till|
lag	NN	|lag|
om	PP	|om|
införande	NN	|införande|
av	PP	|av|
nya	JJ	|ny|
jordabalken	NN	|jordabalk|
,	MID	|
m	NN	|m|
.	MAD	|
m	NN	|m|
.	MAD	|
Kammarens	NN	|kammare|
sammanträde	NN	|sammanträde|
avslutades	VB	|avsluta|
kl.	NN	|kl.|
15.21	RG	|
.	MAD	|
In	AB	|in|
fidem	NN	|
K.-G	JJ	|
.	MAD	|
Lindelöw	PM	|
/	PAD	|
Solveig	PM	|
Gemert	JJ	|
8	RG	|
Nr	NN	|nr|
33	RG	|
Fredagen	NN	|fredag|
den	PN	|den|
23	RG	|
oktober	NN	|oktober|
1970	RG	|
Fredagen	NN	|fredag|
den	PN	|den|
23	RG	|
oktober	NN	|oktober|
Kammaren	NN	|kammare|
sammanträdde	PC	|sammanträda|
kl.	NN	|kl.|
14.00	RG	|
.	MAD	|
Upplästes	VB	|uppläsa|
följande	PC	|följa|följande|
till	AB	|till|
kammaren	NN	|kammare|
inkomna	PC	|inkomma|komma in|
ansökning	NN	|ansökning|
:	MID	|
Till	PP	|till|
riksdagens	NN	|riksdag|
första	RO	|
kammare	NN	|kammare|
Undertecknad	JJ	|undertecknad|
anhåller	VB	|anhålla|
härmed	AB	|härmed|
om	PL	|om|
ledighet	NN	|ledighet|
från	PP	|från|
riksdagsarbetet	NN	|
från	PP	|från|från och med|
och	UO	|från och med:19|
med	PL	|med|från och med:19|
den	PN	|den|
30	RG	|
oktober	NN	|oktober|
1970	RG	|
tills	SN	|tills|tills vidare|
vidare	AB	|vid|vidare|tills vidare:26|
för	KN	|för|
deltagande	NN	|deltagande|
i	PL	|
FN:s	PM	|
generalförsamlings	NN	|generalförsamling|
tjugofemte	JJ	|tjugofemte|
ordinarie	JJ	|ordinarie|
möte	NN	|möte|
.	MAD	|
Stockholm	PM	|Stockholm|
den	PN	|den|
22	RG	|
oktober	NN	|oktober|
1970	RG	|
Alva	PM	|Alva|
Myrdal	PM	|Myrdal|
Den	DT	|den|en|
begärda	PC	|begära|
ledigheten	NN	|ledighet|
beviljades	VB	|bevilja|
för	KN	|för|
den	PN	|den|
tid	NN	|tid|
,	MID	|
som	HA	|som|
åtginge	VB	|åtgå|
för	KN	|för|
uppdragets	PC	|dra upp|uppdra|
fullgörande	PC	|fullgöra|
.	MAD	|
Föredrogs	VB	|föredra|
och	UO	|
hänvisades	VB	|hänvisa|
till	PL	|till|
konstitutionsutskottet	NN	|konstitutionsutskott|
Kungl	JJ	|
.	MAD	|
Maj:ts	NN	|
proposition	NN	|proposition|
nr	NN	|nr|
153	RG	|
,	MID	|
med	AB	|med|
förslag	NN	|förslag|
till	AB	|till|
lag	NN	|lag|
om	PP	|om|
vissa	JJ	|viss|
kommunala	JJ	|kommunal|
befogenheter	NN	|befogenhet|
i	PL	|i fråga|i fråga om|
fråga	VB	|fråga|i fråga:14|i fråga om:14|
om	PL	|om|i fråga om:14|
sysselsättning	NN	|sysselsättning|
för	AB	|för|
handikappade	PC	|handikappa|handikappad|
.	MAD	|
Föredrogs	VB	|föredra|
och	UO	|
hänvisades	VB	|hänvisa|
till	AB	|till|
lagutskott	NN	|lagutskott|
motionen	NN	|motion|
nr	NN	|nr|
1266	RG	|
.	MAD	|
Anmäldes	VB	|anmäla|
och	UO	|
<bordlades	VB	|
Kungl	JJ	|
.	MAD	|
Maj:ts	NN	|
till	AB	|till|
kammaren	NN	|kammare|
överlämnade	VB	|överlämna|
proposition	NN	|proposition|
nr	NN	|nr|
147	RG	|
,	MID	|
med	PP	|med|
förslag	NN	|förslag|
till	PL	|till|
lag	NN	|lag|
om	PL	|om|
ändring	NN	|ändring|
i	PL	|
lagen	NN	|lag|
(	PAD	|
1949:164	RG	|
)	PAD	|
med	PP	|med|
vissa	JJ	|viss|
bestämmelser	NN	|bestämmelse|
om	PL	|om|
rättegången	NN	|rättegång|
i	RG	|
tryckfrihetsmål	NN	|
.	MAD	|
Anmäldes	VB	|anmäla|
och	UO	|
bordlades	VB	|bordlägga|
bevillningsutskottets	NN	|bevillningsutskott|
betänkande	NN	|betänkande|
nr	NN	|nr|
54	RG	|
,	MID	|
med	PP	|med|
anledning	NN	|anledning|
av	PP	|av|
Nordiska	JJ	|nordisk|Nordiska rådet|
rådets	NN	|råd|Nordiska rådet:12|
svenska	JJ	|svensk|
delegations	NN	|delegation|
skrivelse	NN	|skrivelse|
med	PP	|med|
överlämnande	NN	|överlämnande|
av	PL	|av|
berättelse	NN	|berättelse|
för	VB	|föra|
rådets	NN	|råd|
adertonde	JJ	|adertonde|
session	NN	|session|
,	MID	|
såvitt	KN	|
skrivelsen	NN	|skrivelse|
hänvisats	VB	|hänvisa|
till	PL	|till|
bevillningsutskottet	NN	|bevillningsutskott|
;	MID	|
samt	KN	|samt|
första	RO	|
lagutskottets	NN	|lagutskott|
utlåtanden	NN	|utlåtande|
:	MID	|
nr	NN	|nr|
50	RG	|
,	MID	|
i	PL	|
anledning	NN	|anledning|
av	PL	|av|
motioner	NN	|motion|
rörande	PC	|röra|rörande|
medborgarskapslagstiftningen	NN	|
,	MID	|
m	NN	|m|
.	MAD	|
m	NN	|m|
.	MAD	|
;	MID	|
nr	NN	|nr|
51	RG	|
,	MID	|
i	PL	|
anledning	NN	|anledning|
av	PL	|av|
motion	NN	|motion|
om	PL	|om|
ökad	PC	|öka|
muntlighet	NN	|muntlighet|
i	PL	|
förvaltningsförfarandet	NN	|
;	MID	|
nr	NN	|nr|
52	RG	|
,	MID	|
i	PL	|
anledning	NN	|anledning|
av	PL	|av|
motion	NN	|motion|
om	PL	|om|
vid-	JJ	|vid|
gad	JJ	|
tillämpning	NN	|tillämpning|
av	PP	|av|
kontradiktoriskt	AB	|kontradiktorisk|
förfarande	NN	|förfarande|
i	PN	|
förvaltningsärenden	NN	|
,	MID	|
m.m	AB	|
;	MID	|
nr	NN	|nr|
53	RG	|
,	MID	|
i	PL	|
anledning	NN	|anledning|
av	PL	|av|
motion	NN	|motion|
om	PL	|om|
skyldighet	NN	|skyldighet|
för	PL	|för|
myndighet	NN	|myndighet|
att	IE	|att|
motivera	VB	|motivera|
beslut	NN	|beslut|
;	MID	|
nr	NN	|nr|
54	RG	|
,	MID	|
i	PL	|
anledning	NN	|anledning|
av	PL	|av|
motioner	NN	|motion|
om	PL	|om|
åtgärder	NN	|åtgärd|
för	PL	|för|
att	IE	|att|
stärka	VB	|stärka|
det	PN	|den|
administrativa	JJ	|administrativ|
rättsskyddet	NN	|
;	MID	|
nr	NN	|nr|
58	RG	|
,	MID	|
i	PL	|
anledning	NN	|anledning|
av	PL	|av|
motioner	NN	|motion|
om	PL	|om|
straff	NN	|straff|
för	PL	|för|
flygplanskapning	NN	|
;	MID	|
nr	NN	|nr|
59	RG	|
,	MID	|
i	PL	|
anledning	NN	|anledning|
av	PL	|av|
motioner	NN	|motion|
angående	PC	|angå|
olovlig	JJ	|olovlig|
värvning	NN	|värvning|
;	MID	|
nr	NN	|nr|
60	RG	|
,	MID	|
i	PL	|
anledning	NN	|anledning|
av	PL	|av|
motioner	NN	|motion|
om	PL	|om|
översyn	NN	|översyn|
av	PL	|av|
steriliseringslagen	NN	|
;	MID	|
och	KN	|och|
nr	NN	|nr|
61	RG	|
,	MID	|
i	PL	|
anledning	NN	|anledning|
av	PL	|av|
motion	NN	|motion|
om	PL	|om|
översyn	NN	|översyn|
av	PL	|av|
bestämmelserna	NN	|bestämmelse|
angående	PP	|angående|
rätt	JJ	|rätt|
till	PP	|till|
nödvärn	NN	|nödvärn|
.	MAD	|
Anmäldes	VB	|anmäla|
och	UO	|
bordlades	VB	|bordlägga|
motioner	NN	|motion|
:	MID	|
nr	NN	|nr|
1267	RG	|
,	MID	|
av	PL	|av|
herr	NN	|herr|
Gustafsson	PM	|Gustafsson|
,	MID	|
NilsEric	PM	|
,	MID	|
i	PL	|
anledning	NN	|anledning|
av	PL	|av|
Kungl	JJ	|
.	MAD	|
Maj:ts	NN	|
proposition	NN	|proposition|
nr	NN	|nr|
145	RG	|
,	MID	|
med	AB	|med|
förslag	NN	|förslag|
till	AB	|till|
lag	NN	|lag|
om	PP	|om|
införande	NN	|införande|
av	PP	|av|
nya	JJ	|ny|
jordabalken	NN	|jordabalk|
,	MID	|
m	NN	|m|
.	MAD	|
m	NN	|m|
.	MAD	|
;	MID	|
och	KN	|och|
nr	NN	|nr|
1268	RG	|
,	MID	|
av	PL	|av|
herr	NN	|herr|
Jacobsson	PM	|Jacobsson|
,	MID	|
Gösta	PM	|Gösta|
,	MID	|
m.fl.	AB	|m.fl.|
,	MID	|
i	PL	|
anledning	NN	|anledning|
av	PL	|av|
Kungl	JJ	|
.	MAD	|
Maj:ts	NN	|
proposition	NN	|proposition|
nr	NN	|nr|
156	RG	|
,	MID	|
med	PP	|med|
förslag	NN	|förslag|
till	PP	|till|
förordning	NN	|förordning|
om	PL	|om|
ändring	NN	|ändring|
i	PL	|
förordningen	NN	|förordning|
(	PAD	|
1968	RG	|
:	MID	|
419	RG	|
)	PAD	|
om	PL	|om|
allmän	JJ	|allmän|
arbetsgivaravgift	NN	|arbetsgivaravgift|
,	MID	|
m	NN	|m|
.	MAD	|
m	NN	|m|
.	MAD	|
följande	PC	|följa|följande|
Fredagen	NN	|fredag|
den	PN	|den|
23	RG	|
oktober	NN	|oktober|
1970	RG	|
Meddelande	NN	|meddelande|
ang.	AB	|
enkla	JJ	|enkel|
frågor	NN	|fråga|
Meddelades	PC	|meddela|
,	MID	|
att	UO	|
jämlikt	AB	|jämlik|
8	RG	|
20	RG	|
i	PP	|i|
kammarens	NN	|kammare|
ordningsstadga	NN	|ordningsstadga|
följande	NN	|följande|
enkla	JJ	|enkel|
frågor	NN	|fråga|
denna	PN	|denna|
dag	NN	|dag|
framställts	VB	|framställa|
,	MID	|
nämligen	AB	|nämligen|
av	PL	|av|
herr	NN	|herr|
Björk	PM	|
(	PAD	|
s	NN	|s|
)	PAD	|
till	PL	|till|
herr	NN	|herr|
statsrådet	NN	|statsråd|
Lidbom	PM	|Lidbom|
:	MID	|
”	PAD	|
När	HA	|när|
ämnar	VB	|ämna|
regeringen	NN	|regering|
företaga	VB	|företa|
den	PN	|den|
av	PL	|av|
1969	RG	|
års	NN	|år|
riksdag	NN	|riksdag|
förordade	VB	|förorda|
undersökningen	NN	|undersökning|
under	PL	|
vilka	HD	|
förutsättningar	NN	|förutsättning|
och	KN	|och|
i	PL	|
vilken	HP	|
omfattning	NN	|omfattning|
politisk	JJ	|politisk|
informationsverksamhet	NN	|
och	UO	|
propaganda	NN	|propaganda|
förekommer	VB	|förekomma|
på	AB	|på|
arbetsplatserna	NN	|arbetsplats|
?	MAD	|
”	PAD	|
;	MID	|
av	PL	|av|
herr	NN	|herr|
Björk	PM	|
(	PAD	|
s	NN	|s|
)	PAD	|
till	PL	|till|
herr	NN	|herr|
statsrådet	NN	|statsråd|
och	KN	|och|
chefen	NN	|chef|
för	PL	|för|
justitiedepartementet	NN	|justitiedepartement|
:	MID	|
”	PAD	|
När	HA	|när|
framlägges	VB	|framlägga|
förslag	NN	|förslag|
om	PL	|om|
upphävande	NN	|upphävande|
av	PL	|av|
lagen	NN	|lag|
om	PL	|om|
åtgärder	NN	|åtgärd|
vid	PP	|vid|
samhällsfarlig	JJ	|samhällsfarlig|
asocialitet	NN	|asocialitet|
?	MAD	|
”	PAD	|
;	MID	|
samt	KN	|samt|
av	PL	|av|
herr	NN	|herr|
Nilsson	PM	|Nilsson|
,	MID	|
Ferdinand	PM	|Ferdinand|
,	MID	|
(	PAD	|
cp	NN	|
)	PAD	|
till	PL	|till|
herr	NN	|herr|
statsrådet	NN	|statsråd|
och	KN	|och|
chefen	NN	|chef|
för	PL	|för|
finansdepartementet	NN	|finansdepartement|
:	MID	|
”	PAD	|
Är	VB	|vara|vara med|vara till|
det	PN	|den|
i	PL	|
god	JJ	|god|
överens-	PM	|
Nr	NN	|nr|
33	RG	|
9	RG	|
stämmelse	NN	|
med	AB	|med|vara med:50|
principerna	NN	|princip|
för	AB	|för|
ett	PN	|
modernt	JJ	|modern|
välfärdssamhälle	NN	|välfärdssamhälle|
att	IE	|att|
trots	NN	|trots|
i	RG	|i övrigt|
övrigt	JJ	|övrig|i övrigt:67|
kraftigt	AB	|kraftig|
stegrade	PC	|stegra|
levnadskostnader	NN	|levnadskostnad|
genom	PP	|genom|
beskattning	NN	|beskattning|
”	PAD	|
avlyfta	PC	|lyfta av|
”	PAD	|
köpkraft	NN	|köpkraft|
avseende	PC	|avse|
inköp	NN	|inköp|
av	PP	|av|
enkla	JJ	|enkel|
,	MID	|
till	AB	|till|vara till:50|
livets	NN	|liv|
nödtorft	NN	|nödtorft|
hörande	NN	|hörande|
livsmedel	NN	|livsmedel|
såsom	HA	|
matbröd	NN	|matbröd|
,	MID	|
potatis	NN	|potatis|
,	MID	|
mjölk	NN	|mjölk|
,	MID	|
smör	NN	|smör|
och	UO	|
margarin	NN	|margarin|
?	MAD	|
Är	VB	|vara|vara med|
det	PN	|den|
i	PL	|
god	JJ	|god|
överensstämmelse	NN	|överensstämmelse|
med	PL	|med|vara med:1|
demokratiskt	JJ	|demokratisk|
styrelsesätt	NN	|
att	IE	|att|
en	RG	|en|
regering	NN	|regering|
ensidigt	AB	|ensidig|
fastställer	VB	|fastställa|
priser	NN	|pris|
för	PL	|för|
varor	NN	|vara|
för	KN	|för|
vilka	HP	|
redan	AB	|redan|
av	PL	|av|
riksdagen	NN	|riksdag|
efter	PP	|efter|
förhandlingar	NN	|förhandling|
prisreglerande	NN	|prisreglerande|
normer	NN	|norm|
fastställts	VB	|
?	MAD	|
”	PAD	|
Justerades	PC	|justera|
protokollsutdrag	NN	|
för	KN	|för|
denna	PN	|denna|
dag	NN	|dag|
,	MID	|
varefter	HA	|varefter|
kammarens	NN	|kammare|
sammanträde	NN	|sammanträde|
avslutades	VB	|avsluta|
kl.	NN	|kl.|
14.02	RG	|
.	MAD	|
In	AB	|in|
fidem	NN	|
K.-G	JJ	|
.	MAD	|
Lindelöw	PM	|
/	PAD	|
Solveig	PM	|
Gemert	JJ	|
10	RG	|
Nr	NN	|nr|
33	RG	|
Tisdagen	NN	|tisdag|
den	PN	|den|
27	RG	|
oktober	NN	|oktober|
1970	RG	|
Tisdagen	NN	|tisdag|
den	PN	|den|
27	RG	|
oktober	NN	|oktober|
Kammaren	NN	|kammare|
sammanträdde	PC	|sammanträda|
kl.	NN	|kl.|
16.00	RG	|
.	MAD	|
Herrar	NN	|herre|
Dahlén	PM	|Dahlén|
och	UO	|
Nyquist	PM	|
anmälde	VB	|anmäla|
,	MID	|
att	SN	|att|
de	PN	|de|
under	PL	|
gårdagen	NN	|gårdag|
åter	AB	|åter|
infunnit	VB	|infinna sig|
sig	PN	|sig|infinna sig:12|
vid	PP	|vid|
riksdagen	NN	|riksdag|
.	MAD	|
Justerades	VB	|justera|
protokollen	NN	|protokoll|
för	KN	|för|
den	PN	|den|
16	RG	|
och	UO	|
den	PN	|den|
17	RG	|
innevarande	PC	|innevarande|
månad	NN	|månad|
.	MAD	|
Upplästes	VB	|uppläsa|
följande	PC	|följa|följande|
till	AB	|till|
kammaren	NN	|kammare|
inkomna	PC	|inkomma|komma in|
läkarintyg	NN	|läkarintyg|
:	MID	|
Härmed	AB	|härmed|
intygas	VB	|intyga|
att	SN	|att|
riksdagsman	NN	|riksdagsman|
Oscar	PM	|Oscar|
Carlsson	PM	|Carlsson|
från	PP	|från|
Säffle	PM	|Säffle|
sedan	SN	|sedan|
den	PN	|den|
23	RG	|
/	PAD	|
10	RG	|
1970	RG	|
ligger	VB	|ligga|ligga för|
inlagd	PC	|inlagd|inlägga|lägga in|
på	PP	|på|
medicinska	JJ	|medicinsk|
avdelningen	NN	|avdelning|
,	MID	|
Lasarettet	NN	|lasarett|
,	MID	|
Säffle	PM	|Säffle|
,	MID	|
för	SN	|ligga för:22|
akut	JJ	|akut|
hjärtsjukdom	NN	|hjärtsjukdom|
och	UO	|
beräknas	VB	|beräkna|
vara	NN	|vara|
helt	AB	|hel|helt|
sjukskriven	PC	|sjukskriva|
under	PP	|under|
en	RG	|en|
tid	NN	|tid|
av	PL	|av|
minst	JJ	|liten|
två	RG	|två|
månader	NN	|månad|
.	MAD	|
Säffle	PM	|Säffle|
den	PN	|den|
27	RG	|
/	PAD	|
10	RG	|
1970	RG	|
Acke	NN	|
Hallén	PM	|
överläkare	NN	|överläkare|
Kammaren	NN	|kammare|
beviljade	PC	|bevilja|
herr	NN	|herr|
Carlsson	PM	|Carlsson|
,	MID	|
Oscar	PM	|Oscar|
,	MID	|
ledighet	NN	|ledighet|
för	KN	|för|
den	PN	|den|
tid	NN	|tid|
,	MID	|
varunder	AB	|varunder|
han	PN	|han|
på	PL	|på|på grund av|
grund	JJ	|grund|på grund av:24|
av	PL	|av|på grund av:24|
sjukdom	NN	|sjukdom|
vore	VB	|vara|
oförmögen	JJ	|oförmögen|
att	IE	|att|
deltaga	VB	|delta|
i	PL	|
riksdagsgöromålen	NN	|
.	MAD	|
Föredrogs	VB	|föredra|
och	UO	|
hänvisades	VB	|hänvisa|
till	PP	|till|
lagutskott	NN	|lagutskott|
Kungl	JJ	|
.	MAD	|
Maj:ts	NN	|
proposition	NN	|proposition|
nr	NN	|nr|
147	RG	|
,	MID	|
med	PP	|med|
förslag	NN	|förslag|
till	PL	|till|
lag	NN	|lag|
om	PL	|om|
ändring	NN	|ändring|
i	PL	|
lagen	NN	|lag|
(	PAD	|
1949:164	RG	|
)	PAD	|
med	PP	|med|
vissa	JJ	|viss|
bestämmelser	NN	|bestämmelse|
om	PL	|om|
rättegången	NN	|rättegång|
i	RG	|
tryckfrihetsmål	NN	|
.	MAD	|
Föredrogos	UO	|
och	UO	|
hänvisades	VB	|hänvisa|
motionen	NN	|motion|
nr	NN	|nr|
1267	RG	|
till	AB	|till|
lagutskott	NN	|lagutskott|
och	KN	|och|
motionen	NN	|motion|
nr	NN	|nr|
1268	RG	|
till	PL	|till|
bevillningsutskottet	NN	|bevillningsutskott|
.	MAD	|
Föredrogos	UO	|
och	UO	|
bordlades	VB	|bordlägga|
ånyo	AB	|ånyo|
bevillningsutskottets	NN	|bevillningsutskott|
betänkande	NN	|betänkande|
nr	NN	|nr|
54	RG	|
samt	KN	|samt|
första	RO	|
lagutskottets	NN	|lagutskott|
utlåtanden	NN	|utlåtande|
nr	NN	|nr|
50	RG	|
—	MID	|
54	RG	|
och	UO	|
58	RG	|
—	MID	|
61	RG	|
.	MAD	|
Anmäldes	VB	|anmäla|
och	UO	|
bordlades	VB	|bordlägga|
följande	PC	|följa|följande|
till	AB	|till|
kammaren	NN	|kammare|
överlämnade	VB	|överlämna|
kungl	NN	|
.	MAD	|
propositioner	NN	|proposition|
:	MID	|
nr	NN	|nr|
149	RG	|
,	MID	|
med	PP	|med|
förslag	NN	|förslag|
till	PL	|till|
lag	NN	|lag|
om	PL	|om|
ändring	NN	|ändring|
i	PL	|
strålskyddslagen	NN	|
(	PAD	|
1958:110	RG	|
)	PAD	|
;	MID	|
nr	NN	|nr|
152	RG	|
,	MID	|
med	PP	|med|
förslag	NN	|förslag|
till	PL	|till|
lag	NN	|lag|
om	PL	|om|
ändring	NN	|ändring|
i	NN	|i|
arbetarskyddslagen	NN	|
(	PAD	|
1949:1	RG	|
)	PAD	|
;	MID	|
och	KN	|och|
nr	NN	|nr|
154	RG	|
,	MID	|
med	AB	|med|
förslag	NN	|förslag|
till	AB	|till|
lag	NN	|lag|
om	AB	|om|
lokaliseringssamråd	NN	|
,	MID	|
m	NN	|m|
.	MAD	|
m	NN	|m|
.	MAD	|
Anmäldes	PC	|anmäla|
och	UO	|
bordlades	VB	|bordlägga|
skrivelse	NN	|skrivelse|
från	PP	|från|
talmanskonferensen	NN	|talmanskonferens|
med	AB	|med|
överlämnande	PC	|överlämna|
av	PM	|
en	PN	|man|
från	PL	|från|
konstitutionsutskottet	NN	|konstitutionsutskott|
inkommen	PC	|inkomma|komma in|
skrivelse	NN	|skrivelse|
med	PP	|med|
förslag	NN	|förslag|
till	PP	|till|
ny	JJ	|ny|
riksdagsstadga	JJ	|
.	MAD	|
Anmäldes	VB	|anmäla|
och	UO	|
bordlades	VB	|bordlägga|
bevillningsutskottets	NN	|bevillningsutskott|
betänkanden	NN	|betänkande|
:	MID	|
nr	NN	|nr|
49	RG	|
,	MID	|
med	PP	|med|
anledning	NN	|anledning|
av	PL	|av|
motioner	NN	|motion|
om	PP	|om|
införande	NN	|införande|
av	PL	|av|
tjänstemannataxering	NN	|
i	PL	|
första	RO	|
instans	NN	|instans|
;	MID	|
nr	NN	|nr|
51	RG	|
,	MID	|
med	PP	|med|
anledning	NN	|anledning|
av	PL	|av|
motion	NN	|motion|
beträffande	PP	|beträffande|
uppbördskontrollen	NN	|
;	MID	|
och	KN	|och|
nr	NN	|nr|
53	RG	|
,	MID	|
med	PP	|med|
anledning	NN	|anledning|
av	PL	|av|
motioner	NN	|motion|
angående	PC	|angå|
beskattningen	NN	|beskattning|
av	PP	|av|
multinationella	JJ	|multinationell|
företag	NN	|företag|
m	NN	|m|
.	MAD	|
m	NN	|m|
.	MAD	|
Anmäldes	PC	|anmäla|
och	UO	|
bordlades	VB	|bordlägga|
följande	NN	|följande|
motioner	NN	|motion|
:	MID	|
nr	NN	|nr|
1269	RG	|
,	MID	|
av	PL	|av|
herr	NN	|herr|
Bengtson	NN	|
m	NN	|m|
.	MAD	|
fl	NN	|
.	MAD	|
,	MID	|
i	PL	|
anledning	NN	|anledning|
av	PL	|av|
Kungl	JJ	|
.	MAD	|
Maj:ts	NN	|
proposition	NN	|proposition|
nr	NN	|nr|
138	RG	|
,	MID	|
med	PP	|med|
förslag	NN	|förslag|
till	PP	|till|
förordning	NN	|förordning|
om	PL	|om|
ändring	NN	|ändring|
i	PL	|
förordningen	NN	|förordning|
(	PAD	|
1922	RG	|
:	MID	|
260	RG	|
)	PAD	|
om	PL	|om|
automobilskatt	NN	|
;	MID	|
nr	NN	|nr|
1270	RG	|
,	MID	|
av	PL	|av|
herr	NN	|herr|
Jacobsson	PM	|Jacobsson|
,	MID	|
Gösta	PM	|Gösta|
,	MID	|
m	NN	|m|
.	MAD	|
fl	NN	|
.	MAD	|
,	MID	|
i	PL	|
anledning	NN	|anledning|
av	PL	|av|
Kungl	JJ	|
.	MAD	|
Maj:ts	NN	|
proposition	NN	|proposition|
nr	NN	|nr|
138	RG	|
,	MID	|
med	PP	|med|
förslag	NN	|förslag|
till	PL	|till|
för-	AB	|
Tisdagen	NN	|tisdag|
den	PN	|den|
27	RG	|
oktober	NN	|oktober|
1970	RG	|
ordning	NN	|ordning|
om	PL	|om|
ändring	NN	|ändring|
i	PL	|
förordningen	NN	|förordning|
(	PAD	|
1922:260	RG	|
)	PAD	|
om	PL	|om|
automobilskatt	NN	|
;	MID	|
nr	NN	|nr|
1271	RG	|
,	MID	|
av	PL	|av|
herr	NN	|herr|
Pettersson	PM	|Pettersson|
,	MID	|
Karl	PM	|Karl|
,	MID	|
i	PL	|
anledning	NN	|anledning|
av	PL	|av|
Kungl	JJ	|
.	MAD	|
Maj:ts	NN	|
proposition	NN	|proposition|
nr	NN	|nr|
138	RG	|
,	MID	|
med	PP	|med|
förslag	NN	|förslag|
till	PP	|till|
förordning	NN	|förordning|
om	PL	|om|
ändring	NN	|ändring|
i	PL	|
förordningen	NN	|förordning|
(	PAD	|
1922:260	RG	|
)	PAD	|
om	PL	|om|
automobilskatt	NN	|
;	MID	|
nr	NN	|nr|
1272	RG	|
,	MID	|
av	PL	|av|
herr	NN	|herr|
Bengtson	NN	|
m	NN	|m|
.	MAD	|
fl	NN	|
.	MAD	|
,	MID	|
i	PL	|
anledning	NN	|anledning|
av	PL	|av|
Kungl	JJ	|
.	MAD	|
Maj:ts	NN	|
proposition	NN	|proposition|
nr	NN	|nr|
141	RG	|
,	MID	|
med	PP	|med|
förslag	NN	|förslag|
till	PL	|till|
lag	NN	|lag|
om	PL	|om|
ändring	NN	|ändring|
i	PL	|
lagen	NN	|lag|
(	PAD	|
1955:183	RG	|
)	PAD	|
om	PL	|om|
bankrörelse	NN	|bankrörelse|
;	MID	|
nr	NN	|nr|
1273	RG	|
,	MID	|
av	PL	|av|
herr	NN	|herr|
Helén	PM	|Helén|
m	NN	|m|
.	MAD	|
fl	NN	|
.	MAD	|
,	MID	|
i	PL	|
anledning	NN	|anledning|
av	PL	|av|
Kungl	JJ	|
.	MAD	|
Maj:ts	NN	|
proposition	NN	|proposition|
nr	NN	|nr|
141	RG	|
,	MID	|
med	PP	|med|
förslag	NN	|förslag|
till	PL	|till|
lag	NN	|lag|
om	PL	|om|
ändring	NN	|ändring|
i	PL	|
lagen	NN	|lag|
(	PAD	|
1955:183	RG	|
)	PAD	|
om	PL	|om|
bankrörelse	NN	|bankrörelse|
;	MID	|
nr	NN	|nr|
1274	RG	|
,	MID	|
av	PL	|av|
herr	NN	|herr|
Ottosson	PM	|Ottosson|
m	NN	|m|
.	MAD	|
fl	NN	|
.	MAD	|
,	MID	|
i	PL	|
anledning	NN	|anledning|
av	PL	|av|
Kungl	JJ	|
.	MAD	|
Maj:ts	NN	|
proposition	NN	|proposition|
nr	NN	|nr|
141	RG	|
,	MID	|
med	PP	|med|
förslag	NN	|förslag|
till	PL	|till|
lag	NN	|lag|
om	PL	|om|
ändring	NN	|ändring|
i	PL	|
lagen	NN	|lag|
(	PAD	|
1955:183	RG	|
)	PAD	|
om	PL	|om|
bankrörelse	NN	|bankrörelse|
;	MID	|
nr	NN	|nr|
1275	RG	|
,	MID	|
av	PL	|av|
herr	NN	|herr|
Annerås	NN	|
m	NN	|m|
.	MAD	|
fl	NN	|
.	MAD	|
,	MID	|
i	PL	|
anledning	NN	|anledning|
av	PL	|av|
Kungl	JJ	|
.	MAD	|
Maj:ts	NN	|
proposition	NN	|proposition|
nr	NN	|nr|
142	RG	|
,	MID	|
med	PP	|med|
förslag	NN	|förslag|
till	PL	|till|
förmånsrättslag	NN	|
,	MID	|
m	NN	|m|
.	MAD	|
m	NN	|m|
.	MAD	|
;	MID	|
samt	KN	|samt|
nr	NN	|nr|
1276	RG	|
,	MID	|
av	PL	|av|
herr	NN	|herr|
Lindblad	PM	|
m	NN	|m|
.	MAD	|
fl	NN	|
.	MAD	|
,	MID	|
i	PL	|
anledning	NN	|anledning|
av	PL	|av|
Kungl	JJ	|
.	MAD	|
Maj:ts	NN	|
proposition	NN	|proposition|
nr	NN	|nr|
142	RG	|
,	MID	|
med	PP	|med|
förslag	NN	|förslag|
till	PL	|till|
förmånsrättslag	NN	|
,	MID	|
m	NN	|m|
.	MAD	|
m	NN	|m|
.	MAD	|
;	MID	|
nr	NN	|nr|
1277	RG	|
,	MID	|
av	PL	|av|
herr	NN	|herr|
Bengtson	NN	|
,	MID	|
nr	NN	|nr|
1278	RG	|
,	MID	|
av	PL	|av|
herr	NN	|herr|
Brundin	NN	|
,	MID	|
nr	NN	|nr|
1279	RG	|
,	MID	|
av	PL	|av|
fru	NN	|fru|
Landberg	PM	|
och	UO	|
fru	NN	|fru|
Lundblad	PC	|
,	MID	|
Grethe	PM	|
,	MID	|
nr	NN	|nr|
1280	RG	|
,	MID	|
av	PL	|av|
herrar	NN	|herre|
Lidgard	PC	|
,	MID	|
samt	KN	|samt|
nr	NN	|nr|
1281	RG	|
,	MID	|
av	PL	|av|
herr	NN	|herr|
Wirtén	NN	|
m	NN	|m|
.	MAD	|
fl	NN	|
.	MAD	|
,	MID	|
i	PL	|
anledning	NN	|anledning|
av	PL	|av|
Kungl	JJ	|
.	MAD	|
Maj:ts	NN	|
proposition	NN	|proposition|
nr	NN	|nr|
143	RG	|
,	MID	|
angående	PP	|angående|
reviderade	VB	|revidera|
tim-	VB	|tima|
och	UO	|
kursplaner	NN	|kursplan|
för	PL	|för|
de	PN	|de|
tvååriga	JJ	|tvåårig|
ekonomiska	JJ	|ekonomisk|
,	MID	|
sociala	JJ	|social|
och	UO	|
tekniska	JJ	|teknisk|
linjerna	NN	|linje|
i	PL	|
gymnasieskolan	NN	|gymnasieskola|
;	MID	|
nr	NN	|nr|
1282	RG	|
,	MID	|
av	PL	|av|
herrar	NN	|herre|
Alexanderson	NN	|
och	KN	|och|
Skårman	NN	|
,	MID	|
i	PL	|
anledning	NN	|anledning|
av	PL	|av|
Kungl	JJ	|
.	MAD	|
Maj:ts	NN	|
proposition	NN	|proposition|
nr	NN	|nr|
146	RG	|
,	MID	|
med	PP	|med|
förslag	NN	|förslag|
till	PL	|till|
lag	NN	|lag|
om	PL	|om|
ändring	NN	|ändring|
i	PL	|
lagen	NN	|lag|
(	PAD	|
1907:36	RG	|
s	NN	|s|
.	MAD	|
1	RG	|
)	PAD	|
om	PL	|om|
nyttjanderätt	NN	|nyttjanderätt|
till	PL	|till|
fast	SN	|
egendom	NN	|egendom|
,	MID	|
m	NN	|m|
.	MAD	|
m	NN	|m|
.	MAD	|
;	MID	|
ävensom	IE	|ävensom|
nr	NN	|nr|
1283	RG	|
,	MID	|
av	PL	|av|
herr	NN	|herr|
Bengtson	NN	|
m	NN	|m|
.	MAD	|
fl	NN	|
.	MAD	|
,	MID	|
nr	NN	|nr|
1284	RG	|
,	MID	|
av	PL	|av|
herr	NN	|herr|
Bengtson	NN	|
m	NN	|m|
.	MAD	|
fl	NN	|
.	MAD	|
,	MID	|
nr	NN	|nr|
1285	RG	|
,	MID	|
av	PL	|av|
herr	NN	|herr|
Bohman	PM	|Bohman|
m	NN	|m|
.	MAD	|
fl	NN	|
.	MAD	|
,	MID	|
nr	NN	|nr|
1286	RG	|
,	MID	|
av	PL	|av|
herr	NN	|herr|
Bohman	PM	|Bohman|
m	NN	|m|
.	MAD	|
fl	NN	|
.	MAD	|
,	MID	|
nr	NN	|nr|
1287	RG	|
,	MID	|
av	PL	|av|
herr	NN	|herr|
Eskilsson	PM	|
m	NN	|m|
.	MAD	|
fl	NN	|
.	MAD	|
,	MID	|
Wallmark	NN	|
och	UO	|
KUNGL	JJ	|
.	MAD	|
BOKTR	VB	|
.	MAD	|
STHLM	NN	|
1970	RG	|
Nr	NN	|nr|
33	RG	|
11	RG	|
Meddelande	NN	|meddelande|
ang.	AB	|
enkel	JJ	|enkel|
fråga	VB	|fråga|
nr	NN	|nr|
1288	RG	|
,	MID	|
av	PL	|av|
fru	NN	|fru|
Florén-Winther	VB	|
,	MID	|
nr	NN	|nr|
1289	RG	|
,	MID	|
av	PL	|av|
herr	NN	|herr|
Helén	PM	|Helén|
m	NN	|m|
.	MAD	|
fl	NN	|
.	MAD	|
,	MID	|
nr	NN	|nr|
1290	RG	|
,	MID	|
av	PL	|av|
herr	NN	|herr|
Helén	PM	|Helén|
m	NN	|m|
.	MAD	|
fl	NN	|
.	MAD	|
,	MID	|
nr	NN	|nr|
1291	RG	|
,	MID	|
av	PL	|av|
herr	NN	|herr|
Jacobsson	PM	|Jacobsson|
,	MID	|
Per	PM	|Per|
,	MID	|
och	UO	|
herr	NN	|herr|
Sundin	PM	|Sundin|
,	MID	|
nr	NN	|nr|
1292	RG	|
,	MID	|
av	PL	|av|
herr	NN	|herr|
Nilsson	PM	|Nilsson|
,	MID	|
Ferdinand	PM	|Ferdinand|
,	MID	|
nr	NN	|nr|
1293	RG	|
,	MID	|
av	PL	|av|
herr	NN	|herr|
Pettersson	PM	|Pettersson|
,	MID	|
Karl	PM	|Karl|
,	MID	|
nr	NN	|nr|
1294	RG	|
,	MID	|
av	PL	|av|
herr	NN	|herr|
Pettersson	PM	|Pettersson|
,	MID	|
Karl	PM	|Karl|
,	MID	|
och	UO	|
fröken	NN	|fröken|
Stenberg	PM	|Stenberg|
,	MID	|
nr	NN	|nr|
1295	RG	|
,	MID	|
av	PL	|av|
herr	NN	|herr|
Stadling	PM	|
m	NN	|m|
.	MAD	|
fl	NN	|
.	MAD	|
,	MID	|
nr	NN	|nr|
1296	RG	|
,	MID	|
av	PL	|av|
fröken	NN	|fröken|
Stenberg	PM	|Stenberg|
och	UO	|
herr	NN	|herr|
Pettersson	PM	|Pettersson|
,	MID	|
Karl	PM	|Karl|
,	MID	|
nr	NN	|nr|
1297	RG	|
,	MID	|
av	PL	|av|
herr	NN	|herr|
Strandberg	PM	|Strandberg|
och	UO	|
herr	NN	|herr|
Pettersson	PM	|Pettersson|
,	MID	|
Karl	PM	|Karl|
,	MID	|
nr	NN	|nr|
1298	RG	|
,	MID	|
av	PL	|av|
herr	NN	|herr|
Svenungsson	NN	|
,	MID	|
nr	NN	|nr|
1299	RG	|
,	MID	|
av	PL	|av|
herr	NN	|herr|
Werner	PM	|Werner|
,	MID	|
samt	KN	|samt|
nr	NN	|nr|
1300	RG	|
,	MID	|
av	PL	|av|
herr	NN	|herr|
Wirtén	NN	|
,	MID	|
i	PL	|
anledning	NN	|anledning|
av	PL	|av|
Kungl	JJ	|
.	MAD	|
Maj:ts	NN	|
proposition	NN	|proposition|
nr	NN	|nr|
156	RG	|
,	MID	|
med	PP	|med|
förslag	NN	|förslag|
till	PP	|till|
förordning	NN	|förordning|
om	PL	|om|
ändring	NN	|ändring|
i	PL	|
förordningen	NN	|förordning|
(	PAD	|
1968	RG	|
:	MID	|
419	RG	|
)	PAD	|
om	PL	|om|
allmän	JJ	|allmän|
=	MID	|
arbetsgivaravgift	NN	|arbetsgivaravgift|
,	MID	|
m.m.	AB	|m.m.|
Meddelande	NN	|meddelande|
ang.	AB	|
enkel	JJ	|enkel|
fråga	VB	|fråga|
Meddelades	PC	|meddela|
,	MID	|
att	SN	|att|
jämlikt	AB	|jämlik|
$	JJ	|
20	RG	|
i	PP	|i|
kammarens	NN	|kammare|
ordningsstadga	NN	|ordningsstadga|
följande	NN	|följande|
enkla	JJ	|enkel|
fråga	NN	|fråga|
denna	PN	|denna|
dag	NN	|dag|
framställts	VB	|framställa|
av	PL	|av|
herr	NN	|herr|
Karlsson	PM	|Karlsson|
,	MID	|
Ove	PM	|Ove|
,	MID	|
(	PAD	|
s	NN	|s|
)	PAD	|
till	PL	|till|
herr	NN	|herr|
statsrådet	NN	|statsråd|
och	KN	|och|
chefen	NN	|chef|
för	PL	|för|
finansdepartementet	NN	|finansdepartement|
:	MID	|
”	PAD	|
Är	VB	|vara|
Statsrådet	NN	|statsråd|
beredd	JJ	|beredd|
pröva	VB	|pröva|
möjligheterna	NN	|möjlighet|
att	IE	|att|
ändra	VB	|ändra|
beskattningsreglerna	NN	|
så	KN	|så|
,	MID	|
att	IE	|att|
de	PM	|
som	KN	|
är	VB	|vara|
bosatta	JJ	|bosatt|
i	PN	|
utflyttningsområden	NN	|
,	MID	|
t.ex.	AB	|t.ex.|
inom	PP	|inom|
vissa	JJ	|viss|
delar	NN	|del|
av	PL	|av|
Kopparbergs	PM	|Kopparberg|
län	NN	|län|
,	MID	|
men	KN	|men|
har	VB	|ha|
sin	PS	|sig|
arbetsplats	NN	|arbetsplats|
inom	PP	|inom|
de	PN	|de|
storstadsregioner	NN	|
där	HA	|där|
konjunkturens	NN	|konjunktur|
överhettning	NN	|överhettning|
är	VB	|vara|
särskilt	AB	|särskild|särskilt|
kännbar	JJ	|kännbar|
,	MID	|
ges	VB	|ge|
vidgade	VB	|vidga|
möjligheter	NN	|möjlighet|
att	SN	|att|
göra	VB	|göra|
avdrag	NN	|avdrag|
för	VB	|föra|
fördyrade	PC	|fördyra|
levnadsomkostnader	NN	|
samt	KN	|samt|
för	PL	|för|
resor	NN	|resa|
till	PL	|till|till och från|
och	UO	|till och från:34|
från	PP	|från|till och från:34|
arbetet	NN	|arbete|
?	MAD	|
”	PAD	|
Justerades	PC	|justera|
protokollsutdrag	NN	|
för	KN	|för|
denna	PN	|denna|
dag	NN	|dag|
,	MID	|
varefter	HA	|varefter|
kammarens	NN	|kammare|
sammanträde	NN	|sammanträde|
avslutades	VB	|avsluta|
kl.	NN	|kl.|
16.04	RG	|
.	MAD	|
In	AB	|in|
fidem	NN	|
Bengt	PM	|Bengt|
Lambe	PM	|
/	PAD	|
Solveig	PM	|
Gemert	JJ	|