token	pos	baseform
# text
PROTOKOLL	NN	|protokoll|
Nr	NN	|nr|
6	RG	|
FÖRSTA	RO	|
KAMMAREN	NN	|kammare|
1970	RG	|
10	RG	|
—	MID	|
13	RG	|
februari	NN	|februari|
Debatter	NN	|debatt|
m	NN	|m|
.	MAD	|
m	NN	|m|
.	MAD	|
Tisdagen	NN	|tisdag|
den	PN	|den|
10	RG	|
februari	NN	|februari|
Sid	JJ	|sid|
.	MAD	|
Meddelande	NN	|meddelande|
ang.	AB	|
enkel	JJ	|enkel|
fråga	VB	|fråga|
av	PL	|av|
herr	NN	|herr|
Wikström	PM	|Wikström|
(	PAD	|
fp	PM	|fp|
)	PAD	|
ang.	AB	|
remissinstanserna	NN	|remissinstans|
för	PP	|för|
kapitalskatteberedningens	NN	|
betänkande	NN	|betänkande|
”	PAD	|
Kapitalbeskattningen	NN	|kapitalbeskattning|
”	PAD	|
:	MID	|
:	MID	|
.«	PM	|
ss	NN	|s|
se	VB	|se|
»	PAD	|
s	NN	|s|
sö	NN	|sö|
sec	NN	|sec|
ess	NN	|ess|
söker	VB	|söka|
örie	PM	|
fr	NN	|fr|
rr	VB	|
KR	NN	|kr|
NR	NN	|nr|
NR	NN	|nr|
RN	PM	|
RR	NN	|
RR	NN	|
3	RG	|
Onsdagen	NN	|onsdag|
den	PN	|den|
11	RG	|
februari	NN	|februari|
Svar	NN	|svar|
på	PP	|på|
interpellation	NN	|interpellation|
av	PL	|av|
herr	NN	|herr|
Larsson	PM	|Larsson|
,	MID	|
Thorsten	PM	|
,	MID	|
(	PAD	|
cp	NN	|
)	PAD	|
om	PL	|om|
information	NN	|information|
angående	PP	|angående|
skolans	NN	|skola|
läroplaner	NN	|läroplan|
och	UO	|
betygssättning	NN	|betygssättning|
......	MAD	|
4	RG	|
Meddelande	NN	|meddelande|
ang.	AB	|
enkla	JJ	|enkel|
frågor	NN	|fråga|
:	MID	|
av	PL	|av|
herr	NN	|herr|
Björk	PM	|
(	PAD	|
s	NN	|s|
)	PAD	|
om	SN	|om|
en	RG	|en|
analys	NN	|analys|
av	PP	|av|
vissa	JJ	|viss|
artiklar	NN	|artikel|
,	MID	|
berörande	NN	|berörande|
EEC-parlamentet	NN	|
,	MID	|
i	PL	|
Romfördraget	NN	|
..........	MAD	|
ssssscecseeet	NN	|
8	RG	|
av	PL	|av|
herr	NN	|herr|
Björk	PM	|
(	PAD	|
s	NN	|s|
)	PAD	|
ang.	AB	|
möjligheterna	NN	|möjlighet|
för	PL	|för|
studerande	NN	|studerande|
vid	JJ	|vid|
uni-	NN	|
versitetsfilialer	NN	|
att	IE	|att|
fortsätta	VB	|fortsätta|
till	PL	|till|
forskarutbildning	NN	|forskarutbildning|
........	MAD	|
8	RG	|
Torsdagen	NN	|torsdag|
den	PN	|den|
12	RG	|
februari	NN	|februari|
Meddelande	NN	|meddelande|
ang.	AB	|
enkla	JJ	|enkel|
frågor	NN	|fråga|
:	MID	|
av	PL	|av|
herr	NN	|herr|
Åkerlund	PM	|Åkerlund|
(	PAD	|
m	UO	|
)	PAD	|
ang.	AB	|
risken	NN	|risk|
för	PL	|för|
demonstrationer	NN	|demonstration|
mot	PP	|mot|
Förenta	JJ	|Förenta staterna|
staternas	NN	|stat|Förenta staterna:5|
ambassadör	NN	|ambassadör|
.........	MAD	|
sssesssesserserrrrrrrt	NN	|
9	RG	|
av	PL	|av|
herr	NN	|herr|
Nyman	PM	|Nyman|
(	PAD	|
fp	PM	|fp|
)	PAD	|
om	PL	|om|
åtgärder	NN	|åtgärd|
för	PL	|för|
att	IE	|att|
säkra	JJ	|säker|
industrins	NN	|industri|
kraftBehOV	NN	|kraftbehov|
3cövs	PM	|
ers	NN	|
ön	NN	|ö|
sk	AB	|sk|
sv	NN	|
se	UO	|
SS	PM	|SS|
ss	NN	|s|
fee	NN	|
NG	JJ	|
NG	PM	|
NE	PM	|NE|
NG	PM	|
VR	NN	|
Re	NN	|Re|
AS	NN	|as|
RN	PM	|
KS	VB	|
NR	NN	|nr|
SR	PM	|
BR	NN	|
NS	NN	|n|
9	RO	|
1	RG	|
Första	RO	|
kammarens	NN	|kammare|
protokoll	NN	|protokoll|
1970	RG	|
.	MAD	|
Nr	NN	|nr|
6	RG	|
Nr	NN	|nr|
6	RG	|
Innehåll	NN	|innehåll|
Samtliga	PN	|samtlig|
avgjorda	PC	|avgjord|avgöra|
ärenden	NN	|ärende|
Onsdagen	NN	|onsdag|
den	PN	|den|
11	RG	|
februari	NN	|februari|
Sid	JJ	|sid|
.	MAD	|
Bankoutskottets	PM	|
utlåtande	NN	|utlåtande|
nr	NN	|nr|
4	RG	|
,	MID	|
ang.	AB	|
granskning	NN	|granskning|
av	PL	|av|
riksdagsbibliotekets	NN	|
styrelse	NN	|styrelse|
och	UO	|
förvaltning	NN	|förvaltning|
..................	MAD	|
ssessorsr	NN	|
a	NN	|a|
8	RG	|
—	MID	|
nr	NN	|nr|
5	RG	|
,	MID	|
ang.	AB	|
granskning	NN	|granskning|
av	PP	|av|
riksdagens	NN	|riksdag|
lönedelegations	NN	|
verksamhet	NN	|verksamhet|
under	PL	|
år	NN	|år|
1969	RG	|
.....	MAD	|
ssssssssesereseoeersererrr	NN	|
re	PN	|
rs	NN	|r|
rer	NN	|
8	RG	|
Första	RO	|
lagutskottets	NN	|lagutskott|
utlåtande	NN	|utlåtande|
nr	NN	|nr|
1	RG	|
,	MID	|
ang.	AB	|
granskning	NN	|granskning|
av	PP	|av|
riksdagens	NN	|riksdag|
ombudsmäns	NN	|ombudsman|
ämbetsförvaltning	NN	|
............	MAD	|
ssssssrss	VB	|
rss	VB	|
rss	VB	|
a	NN	|a|
8	RG	|
Tisdagen	NN	|tisdag|
den	PN	|den|
10	RG	|
februari	NN	|februari|
1970	RG	|
Nr	NN	|nr|
6	RG	|
3	RG	|
Tisdagen	NN	|tisdag|
den	PN	|den|
10	RG	|
februari	NN	|februari|
Kammaren	NN	|kammare|
sammanträdde	PC	|sammanträda|
kl.	NN	|kl.|
16.00	RG	|
;	MID	|
och	UO	|
dess	PS	|den|
förhandlingar	NN	|förhandling|
leddes	VB	|leda|ledas|
av	PL	|av|
herr	NN	|herr|
förste	RO	|
vice	UO	|
talmannen	NN	|talman|
.	MAD	|
Föredrogos	UO	|
och	UO	|
bordlades	VB	|bordlägga|
ånyo	AB	|ånyo|
bankoutskottets	NN	|
utlåtanden	NN	|utlåtande|
nr	NN	|nr|
4	RG	|
och	UO	|
5	RG	|
samt	KN	|samt|
första	RO	|
lagutskottets	NN	|lagutskott|
utlåtande	NN	|utlåtande|
nr	NN	|nr|
1	RG	|
.	MAD	|
Anmäldes	VB	|anmäla|
och	UO	|
bordlades	VB	|bordlägga|
följande	PC	|följa|följande|
till	AB	|till|
kammaren	NN	|kammare|
överlämnade	VB	|överlämna|
kungl	NN	|
.	MAD	|
propositioner	NN	|proposition|
:	MID	|
nr	NN	|nr|
22	RG	|
,	MID	|
med	PP	|med|
förslag	NN	|förslag|
till	PL	|till|
lag	NN	|lag|
om	PL	|om|
ändring	NN	|ändring|
i	PL	|
kommunalskattelagen	NN	|
(	PAD	|
1928	RG	|
:	MID	|
370	RG	|
)	PAD	|
;	MID	|
och	KN	|och|
nr	NN	|nr|
24	RG	|
,	MID	|
med	PP	|med|
förslag	NN	|förslag|
till	PP	|till|
ändring	NN	|ändring|
i	PL	|
regeringsformen	NN	|regeringsform|
.	MAD	|
1j	IN	|
Första	RO	|
kammarens	NN	|kammare|
protokoll	NN	|protokoll|
1970	RG	|
.	MAD	|
Nr	NN	|nr|
6	RG	|
Meddelande	NN	|meddelande|
ang.	AB	|
enkel	JJ	|enkel|
fråga	VB	|fråga|
Meddelades	PC	|meddela|
,	MID	|
att	SN	|att|
jämlikt	AB	|jämlik|
$	JJ	|
20	RG	|
i	PP	|i|
kammarens	NN	|kammare|
ordningsstadga	NN	|ordningsstadga|
följande	NN	|följande|
enkla	JJ	|enkel|
fråga	NN	|fråga|
den	PN	|den|
9	RG	|
februari	NN	|februari|
framställts	VB	|framställa|
av	PL	|av|
herr	NN	|herr|
Wikström	PM	|Wikström|
(	PAD	|
fp	PM	|fp|
)	PAD	|
till	PL	|till|
herr	NN	|herr|
statsrådet	NN	|statsråd|
och	KN	|och|
chefen	NN	|chef|
för	PL	|för|
finansdepartementet	NN	|finansdepartement|
:	MID	|
”	PAD	|
Vilka	HP	|
är	VB	|vara|vara till|
skälen	NN	|skäl|
till	PL	|till|vara till:35|
att	IE	|att|
kapitalskatteberedningens	NN	|
betänkande	NN	|betänkande|
”	PAD	|
Kapitalbeskattningen	NN	|kapitalbeskattning|
”	PAD	|
icke	AB	|icke|
sänts	VB	|sända|
på	PP	|på|
remiss	NN	|remiss|
till	PP	|till|
ideella	JJ	|ideell|
organisationer	NN	|organisation|
,	MID	|
folkrörelser	NN	|folkrörelse|
och	KN	|och|
<trossamfund	PC	|
?	MAD	|
»	PAD	|
Kammarens	NN	|kammare|
sammanträde	NN	|sammanträde|
avslutades	VB	|avsluta|
kl.	NN	|kl.|
16.01	RG	|
.	MAD	|
In	AB	|in|
fidem	NN	|
Solveig	PM	|
Gemert	JJ	|
4	RG	|
Nr	NN	|nr|
6	RG	|
Onsdagen	NN	|onsdag|
den	PN	|den|
11	RG	|
februari	NN	|februari|
1970	RG	|
Onsdagen	NN	|onsdag|
den	PN	|den|
11	RG	|
februari	NN	|februari|
Kammaren	NN	|kammare|
sammanträdde	PC	|sammanträda|
kl.	NN	|kl.|
14.00	RG	|
.	MAD	|
Justerades	VB	|justera|
protokollet	NN	|protokoll|
för	KN	|för|
den	PN	|den|
3	RG	|
innevarande	PC	|innevarande|
månad	NN	|månad|
.	MAD	|
Ledighet	NN	|ledighet|
från	PP	|från|
riksdagsgöromålen	NN	|
beviljades	VB	|bevilja|
fru	NN	|fru|
Myrdal	PM	|Myrdal|
för	VB	|föra|
tiden	NN	|tid|
från	PP	|från|från och med|
och	UO	|från och med:9|
med	PL	|med|från och med:9|
den	PN	|den|
16	RG	|
till	PL	|till|till och med|
och	UO	|till och med:14|
med	PL	|med|till och med:14|
den	PN	|den|
28	RG	|
februari	NN	|februari|
för	PL	|för|
att	IE	|att|
i	PL	|
Geneve	PM	|Geneve|
leda	VB	|leda|
nedrustningsdelegationens	NN	|
arbete	NN	|arbete|
.	MAD	|
Upplästes	VB	|uppläsa|
följande	PC	|följa|följande|
till	AB	|till|
kammaren	NN	|kammare|
inkomna	PC	|inkomma|komma in|
läkarintyg	NN	|läkarintyg|
:	MID	|
Till	PP	|till|
riksdagens	NN	|riksdag|
första	RO	|
kammare	NN	|kammare|
Talmannen	NN	|talman|
Ivar	PM	|Ivar|
Johansson	PM	|Johansson|
är	VB	|vara|vara på|vara av|
på	PL	|på|vara på:15|på grund av|
grund	JJ	|grund|på grund av:16|
av	PL	|av|vara av:15|på grund av:16|
sjukdom	NN	|sjukdom|
,	MID	|
för	PL	|för|
vilken	HP	|
han	PN	|han|
behandlas	VB	|behandla|
på	PL	|på|
öron-	NN	|öra|
,	MID	|
näs-	NN	|näs|näsa|
och	KN	|och|
halskliniken	NN	|
,	MID	|
Linköping	PM	|Linköping|
,	MID	|
alltjämt	AB	|alltjämt|
förbjuden	JJ	|förbjuden|
uppehålla	VB	|uppehålla|
sitt	PS	|sig|
vanliga	JJ	|vanlig|
arbete	NN	|arbete|
till	PL	|till|till och med|
och	UO	|till och med:40|
med	PL	|med|till och med:40|
den	PN	|den|
17	RG	|
/	PAD	|
2	RG	|
1970	RG	|
,	MID	|
vilket	HD	|
härmed	AB	|härmed|
intygas	VB	|intyga|
.	MAD	|
Öronkliniken	NN	|
,	MID	|
Regionsjukhuset	NN	|regionsjukhus|
,	MID	|
Linköping	PM	|Linköping|
,	MID	|
den	PN	|den|
10	RG	|
/	PAD	|
2	RG	|
1970	RG	|
Eric	PM	|Eric|
Flodgren	NN	|
Överläkare	NN	|överläkare|
,	MID	|
Med	PL	|med|
.	MAD	|
dr	NN	|dr|
Kammaren	NN	|kammare|
beviljade	PC	|bevilja|
herr	NN	|herr|
andre	JJ	|andra|
vice	UO	|
talmannen	NN	|talman|
Ivar	PM	|Ivar|
Johansson	PM	|Johansson|
fortsatt	PC	|fortsätta|
1edighet	NN	|
från	PP	|från|
riksdagsgöromålen	NN	|
för	KN	|för|
den	PN	|den|
i	PL	|
läkarintyget	NN	|läkarintyg|
angivna	PC	|ange|
tiden	NN	|tid|
.	MAD	|
Herr	NN	|herr|
TALMANNEN	PM	|
yttrade	VB	|yttra|
:	MID	|
Plenum	NN	|plenum|
onsdagen	NN	|onsdag|
den	PN	|den|
18	RG	|
februari	NN	|februari|
,	MID	|
vilket	HP	|
i	RG	|
den	PN	|den|
preliminära	JJ	|preliminär|
planen	NN	|plan|
upptagits	VB	|uppta|
till	PL	|till|
kl.	NN	|kl.|
10.00	RG	|
eller	KN	|eller|
kl.	NN	|kl.|
14.00	RG	|
,	MID	|
börjar	VB	|börja|
kl.	NN	|kl.|
14.00	RG	|
.	MAD	|
Om	SN	|om|
information	NN	|information|
angående	PP	|angående|
skolans	NN	|skola|
läroplaner	NN	|läroplan|
och	UO	|
betygssättning	NN	|betygssättning|
Herr	NN	|herr|
statsrådet	NN	|statsråd|
och	KN	|och|
chefen	NN	|chef|
för	PL	|för|
utbildningsdepartementet	NN	|utbildningsdepartement|
CARLSSON	PM	|
,	MID	|
som	KN	|
tillkännagivit	VB	|tillkännage|
,	MID	|
att	IE	|att|
han	PN	|han|
hade	VB	|ha|ha för avsikt|
för	PL	|för|ha för avsikt:21|
avsikt	NN	|avsikt|ha för avsikt:21|
att	IE	|att|
vid	PL	|
detta	PN	|denna|
sammanträde	NN	|sammanträde|
besvara	VB	|besvara|
herr	NN	|herr|
Thorsten	PM	|
Larssons	PM	|Larsson|
(	PAD	|
cp	NN	|
)	PAD	|
interpellation	NN	|interpellation|
om	PL	|om|
information	NN	|information|
angående	PP	|angående|
skolans	NN	|skola|
läroplaner	NN	|läroplan|
och	UO	|
betygssättning	NN	|betygssättning|
,	MID	|
erhöll	VB	|erhålla|
ordet	NN	|ord|
och	UO	|
anförde	VB	|anföra|
:	MID	|
Herr	NN	|herr|
talman	NN	|talman|
!	MAD	|
Herr	NN	|herr|
Thorsten	PM	|
Larsson	PM	|Larsson|
har	VB	|ha|
frågat	VB	|fråga|fråga sig|
mig	PN	|jag|fråga sig:5|
,	MID	|
dels	KN	|
om	PL	|om|
jag	PN	|jag|
är	VB	|vara|
beredd	JJ	|beredd|
att	SN	|att|
redogöra	VB	|redogöra|
för	VB	|föra|
de	DT	|en|
åtgärder	NN	|åtgärd|
som	HP	|
planeras	VB	|planera|
för	PL	|för|
att	IE	|att|
informera	VB	|informera|
allmänheten	NN	|allmänhet|
om	PP	|om|
grundskolans	NN	|grundskola|
och	UO	|
gymnasieskolans	NN	|gymnasieskola|
nya	JJ	|ny|
läroplaner	NN	|läroplan|
,	MID	|
dels	KN	|
om	PL	|om|
någon	PN	|någon|
sådan	JJ	|sån|
information	NN	|information|
förbereds	VB	|förbereda|
genom	PP	|genom|
press	NN	|press|
,	MID	|
radio	NN	|radio|
och	UO	|
television	NN	|television|
eller	UO	|
genom	PP	|genom|
till	PL	|till|
föräldrar	NN	|förälder|
och	UO	|
målsmän	NN	|målsman|
distribuerad	PC	|distribuera|
broschyr	NN	|broschyr|
,	MID	|
dels	KN	|
ock	AB	|ock|
om	SN	|om|
en	PM	|
intensifierad	PC	|intensifiera|
upplysning	NN	|upplysning|
till	PL	|till|
lärare	NN	|lärare|
,	MID	|
föräldrar	NN	|förälder|
och	UO	|
elever	NN	|elev|
i	PL	|i fråga|i fråga om|
fråga	VB	|fråga|i fråga:64|i fråga om:64|
om	PL	|om|i fråga om:64|
tillämpningen	NN	|tillämpning|
av	PL	|av|
den	PN	|den|
relativa	JJ	|relativ|
betygsskalan	NN	|betygsskala|
är	VB	|vara|
att	IE	|att|
förvänta	VB	|förvänta|
.	MAD	|
Information	NN	|information|
om	PL	|om|
de	PN	|de|
under	PL	|
1968	RG	|
beslutade	PC	|besluta|
reformerna	NN	|reform|
om	PL	|om|
grundskola	NN	|grundskola|
och	UO	|
mellanskola	NN	|mellanskola|
måste	VB	|måste|
ses	VB	|se|
som	HA	|som|
en	RG	|en|
oundgänglig	JJ	|oundgänglig|
del	NN	|del|
av	PP	|av|
själva	JJ	|själv|själva|
reformen	NN	|reform|
.	MAD	|
I	UO	|
tidsavseende	NN	|
står	VB	|stå|
därvid	AB	|därvid|
den	PN	|den|
nya	JJ	|ny|
läroplanen	NN	|läroplan|
för	VB	|föra|
grundskolan	NN	|grundskola|
i	PL	|
förtur	NN	|förtur|
.	MAD	|
Informationen	NN	|information|
inför	PP	|inför|
mellanskolans	NN	|mellanskola|
genomförande	PC	|genomföra|
har	VB	|ha|
ännu	AB	|ännu|
inte	AB	|inte|
slutgiltigt	AB	|slutgiltig|
utformats	VB	|utforma|
.	MAD	|
Skolöverstyrelsen	PM	|Skolöverstyrelsen|
har	VB	|ha|
lagt	VB	|lägga|lägga ned|lägga för|
ned	AB	|ned|lägga ned:3|
ett	PN	|
omfattande	PC	|omfatta|omfattande|
arbete	NN	|arbete|
för	PL	|för|lägga för:3|
att	IE	|att|
informera	VB	|informera|
skolstyrelser	NN	|skolstyrelse|
och	UO	|
skolledningar	NN	|skolledning|
.	MAD	|
För	PP	|för|
lärarnas	NN	|lärare|
information	NN	|information|
används	VB	|använda|
studiedagarna	NN	|studiedag|
.	MAD	|
Överstyrelsen	NN	|
har	VB	|ha|
vidare	AB	|vid|vidare|
lagt	VB	|lägga|
särskild	JJ	|särskild|
vikt	NN	|vikt|
vid	PL	|
att	IE	|att|
genom	PL	|
bl.a.	AB	|bl.a.|
särskilda	JJ	|särskild|
konferenser	NN	|konferens|
informera	VB	|informera|
de	PN	|de|
medarbetare	NN	|medarbetare|
i	PL	|
press	NN	|press|
,	MID	|
radio	NN	|radio|
och	UO	|
television	NN	|television|
som	HP	|
i	PN	|
sitt	PS	|sig|
arbete	NN	|arbete|
sysslar	VB	|syssla|
med	PP	|med|
skolfrågor	NN	|
.	MAD	|
Dylika	JJ	|dylik|
konferenser	NN	|konferens|
anordnas	VB	|anordna|
fortlöpande	JJ	|fortlöpande|
.	MAD	|
Vad	HP	|vad|vad för|
gäller	VB	|gälla|
informationen	NN	|information|
till	AB	|till|
föräldrarna	NN	|förälder|
om	PL	|om|
förändringarna	NN	|förändring|
i	PL	|
grundskolan	NN	|grundskola|
kommer	UO	|
materialet	NN	|material|
enligt	PP	|enligt|
från	PP	|från|
överstyrelsen	NN	|
inhämtade	PC	|hämta in|inhämta|
uppgifter	NN	|uppgift|
att	IE	|att|
omfatta	VB	|omfatta|
ett	RG	|en|
studievägledningsmaterial	NN	|
,	MID	|
en	RG	|en|
broschyr	NN	|broschyr|
samt	KN	|samt|
stillfilm	NN	|stillfilm|
och	UO	|
diabilder	NN	|diabild|
med	PP	|med|
motsvarande	JJ	|motsvarande|
information	NN	|information|
,	MID	|
Ett	RG	|en|
sam-	JJ	|sam|
Onsdagen	NN	|onsdag|
den	PN	|den|
11	RG	|
februari	NN	|februari|
1970	RG	|
Nr	NN	|nr|
6	RG	|
5	RG	|
Om	SN	|om|
information	NN	|information|
angående	PP	|angående|
skolans	NN	|skola|
läroplaner	NN	|läroplan|
och	UO	|
betygssättning	NN	|betygssättning|
arbete	NN	|arbete|
har	VB	|ha|
också	AB	|också|
inletts	VB	|inleda|
med	PP	|med|
Riksförbundet	NN	|riksförbund|
Hem	AB	|hem|
och	UO	|
skola	VB	|skola|
för	PL	|för|vad för:1|
att	IE	|att|
stödja	VB	|stödja|
informations-	NN	|information|
och	UO	|
utbildningsverksamhet	NN	|
.	MAD	|
En	PN	|man|
fortlöpande	JJ	|fortlöpande|
information	NN	|information|
om	PL	|om|
betygsystemet	NN	|
har	VB	|ha|
bedrivits	VB	|bedriva|
alltsedan	SN	|
den	PN	|den|
relativa	JJ	|relativ|
betygsättningen	NN	|betygsättning|
infördes	VB	|införa|
.	MAD	|
En	PN	|man|
broschyr	NN	|broschyr|
finns	VB	|finna|finnas|
,	MID	|
lärarna	NN	|lärare|
har	VB	|ha|
fått	VB	|få|
utbildning	NN	|utbildning|
och	UO	|
fortbildning	NN	|fortbildning|
och	UO	|
de	DT	|en|
kommer	UO	|
att	IE	|att|
få	PN	|
ytterligare	JJ	|ytterlig|
information	NN	|information|
som	UO	|
de	DT	|en|
har	VB	|ha|
att	IE	|att|
föra	VB	|föra|
vidare	JJ	|vid|
till	AB	|till|
eleverna	NN	|elev|
.	MAD	|
Den	PN	|den|
debatt	NN	|debatt|
,	MID	|
som	HP	|
bl	NN	|
.	MAD	|
a	NN	|a|
.	MAD	|
det	PN	|den|
åt	AB	|
skolöverstyrelsen	NN	|
i	PL	|
oktober	NN	|oktober|
1969	RG	|
givna	JJ	|given|
utredningsuppdraget	NN	|
angående	PP	|angående|
betygsättning	NN	|betygsättning|
gett	VB	|ge|ge upphov|
upphov	NN	|upphov|ge upphov:13|
till	AB	|till|
,	MID	|
torde	VB	|torde|
också	AB	|också|
bidra	VB	|bidra|
till	PL	|till|
en	DT	|en|
vidgad	PC	|vidga|
kännedom	NN	|kännedom|
om	PL	|om|
betygsystemets	NN	|
principer	NN	|princip|
och	UO	|
deras	PS	|de|
tillämpning	NN	|tillämpning|
.	MAD	|
Herr	NN	|herr|
LARSSON	PM	|
,	MID	|
THORSTEN	NN	|
,	MID	|
(	PAD	|
cp	NN	|
)	PAD	|
:	MID	|
Herr	NN	|herr|
talman	NN	|talman|
!	MAD	|
Jag	PN	|jag|
tackar	VB	|tacka|
utbildningsministern	NN	|utbildningsminister|
för	PL	|för|
svaret	NN	|svar|
på	AB	|på|
mina	PS	|jag|
frågor	NN	|fråga|
.	MAD	|
Beträffande	PP	|beträffande|
de	PN	|de|
två	RG	|två|
första	RO	|
frågorna	NN	|fråga|
framgår	VB	|framgå|
av	PL	|av|
svaret	NN	|svar|
att	IE	|att|
vi	PN	|vi|
har	VB	|ha|
att	SN	|att|
emotse	VB	|emotse|
ökad	PC	|öka|
information	NN	|information|
om	PL	|om|
läroplanerna	NN	|läroplan|
.	MAD	|
Felet	NN	|fel|
,	MID	|
herr	NN	|herr|
statsråd	NN	|statsråd|
,	MID	|
är	VB	|vara|
bara	SN	|bara|
att	SN	|att|
denna	PN	|denna|
informationsverksamhet	NN	|
ännu	AB	|ännu|
inte	AB	|inte|
kommit	VB	|komma|
i	PL	|i gång|
gång	NN	|gång|i gång:14|
i	PL	|
nämnvärd	JJ	|nämnvärd|
utsträckning	NN	|utsträckning|
.	MAD	|
Det	PN	|den|
hade	VB	|ha|
exempelvis	AB	|exempelvis|
varit	VB	|vara|
önskvärt	JJ	|önskvärd|
att	IE	|att|
allmänheten	NN	|allmänhet|
nu	AB	|nu|
varit	VB	|vara|
informerad	PC	|informera|
om	PL	|om|
de	PN	|de|
nya	JJ	|ny|
läroplanernas	NN	|läroplan|
innebörd	NN	|innebörd|
,	MID	|
i	PL	|i varje fall|
varje	DT	|i varje fall:17|
fall	NN	|fall|i varje fall:17|
genom	PL	|
något	DT	|någon|
slags	NN	|slag|
sammanfattande	PC	|sammanfatta|
redogörelse	NN	|redogörelse|
.	MAD	|
Hittills	AB	|hittills|
har	VB	|ha|
man	NN	|man|
mest	JJ	|mycken|
hört	VB	|höra|
några	DT	|någon|
lösryckta	JJ	|lösryckt|
termer	NN	|term|termer|
om	AB	|om|
växlande	PC	|växla|växlande|
grupper	NN	|grupp|
och	UO	|
lagarbete	NN	|lagarbete|
och	UO	|
dess	PS	|den|
metoder	NN	|metod|
;	MID	|
timmar	NN	|timme|
för	KN	|för|
fritt	AB	|fri|
valt	PC	|välja|
arbete	NN	|arbete|
,	MID	|
om	PL	|om|
nödvändigheten	NN	|nödvändighet|
av	PL	|av|
att	IE	|att|
undervisningslokalerna	NN	|
är	VB	|vara|
flexibla	JJ	|flexibel|
,	MID	|
etc.	AB	|etc.|
Allt	PN	|all|
detta	DT	|denna|
har	VB	|ha|
väl	AB	|väl|
egentligen	AB	|egentligen|
bara	AB	|bara|
ökat	VB	|öka|
ovissheten	NN	|ovisshet|
hos	PP	|hos|
allmänheten	NN	|allmänhet|
.	MAD	|
Det	DT	|den|en|
har	VB	|ha|
faktiskt	AB	|faktisk|
lett	VB	|le|leda|
till	PL	|till|
att	IE	|att|
det	DT	|den|en|
finns	VB	|finna|finnas|
skolstyrelser	NN	|skolstyrelse|
som	HA	|som|
i	PL	|i dag|
dag	NN	|dag|i dag:11|
anser	VB	|anse|
det	DT	|den|en|
nödvändigt	JJ	|nödvändig|
att	SN	|att|
gå	VB	|gå|gå ut|gå med|
ut	PL	|ut|gå ut:17|
med	PL	|med|gå med:17|
en	AB	|en|
egen	JJ	|egen|
information	NN	|information|
i	PP	|i|
dessa	DT	|denna|
frågor	NN	|fråga|
.	MAD	|
Det	DT	|den|en|
är	VB	|vara|
klart	PL	|
att	IE	|att|
en	RG	|en|
central	JJ	|central|
information	NN	|information|
är	VB	|vara|
bättre	AB	|bra|god|
,	MID	|
ty	KN	|ty|
kommunerna	NN	|kommun|
har	VB	|ha|
i	PL	|i regel|
regel	NN	|regel|i regel:14|
inte	AB	|inte|
lika	JJ	|lik|lika|
goda	JJ	|god|
resurser	NN	|resurs|
för	PL	|för|
information	NN	|information|
som	KN	|
man	PN	|man|
har	VB	|ha|
på	PL	|på|
centralt	AB	|central|
håll	VB	|hålla|
.	MAD	|
I	PP	|i|
dagens	NN	|dag|
tidningar	NN	|tidning|
kan	VB	|kunna|
vi	PN	|vi|
också	AB	|också|
läsa	VB	|läsa|
att	IE	|att|
Lärarförbundet	PM	|
har	VB	|ha|
påpekat	VB	|påpeka|
att	IE	|att|
även	AB	|även|
lärarna	NN	|lärare|
fått	VB	|få|
knapphändig	JJ	|knapphändig|
information	NN	|information|
.	MAD	|
De	DT	|en|
har	VB	|ha|
inte	AB	|inte|
överallt	AB	|överallt|
ens	AB	|ens|
fått	VB	|få|
den	PN	|den|
nya	JJ	|ny|
läroplanen	NN	|läroplan|
.	MAD	|
Men	KN	|men|
även	AB	|även|
till	PP	|till|
dem	PN	|de|
kommer	UO	|
väl	AB	|väl|
informationen	NN	|information|
att	IE	|att|
breddas	VB	|bredda|
.	MAD	|
Jag	PN	|jag|
är	VB	|vara|
alltså	AB	|alltså|
tacksam	JJ	|tacksam|
för	VB	|föra|
statsrådets	NN	|statsråd|
svar	NN	|svar|
här	NN	|här|
i	PL	|
riksdagen	NN	|riksdag|
,	MID	|
varigenom	HA	|varigenom|
allmänheten	NN	|allmänhet|
får	NN	|får|
en	RG	|en|
offentlig	JJ	|offentlig|
redovisning	NN	|redovisning|
av	PL	|av|
läget	NN	|läge|
.	MAD	|
Jag	PN	|jag|
vill	VB	|vilja|
uttrycka	VB	|uttrycka|
den	DT	|den|en|
förhoppningen	NN	|förhoppning|
att	SN	|att|
den	DT	|den|en|
ökade	PC	|öka|
informationen	NN	|information|
kommer	VB	|komma|
ganska	AB	|ganska|
omgående	AB	|omgående|
i	UO	|
hela	JJ	|hel|
sin	PS	|sig|
vidd	NN	|vidd|
,	MID	|
eller	KN	|eller|
i	PL	|i varje fall|
varje	DT	|i varje fall:19|
fall	NN	|fall|i varje fall:19|
i	PL	|
tillräcklig	JJ	|tillräcklig|
utsträckning	NN	|utsträckning|
.	MAD	|
Min	PS	|jag|
tredje	RO	|
fråga	VB	|fråga|
i	PL	|
interpellationen	NN	|interpellation|
gällde	VB	|gälla|
den	PN	|den|
relativa	JJ	|relativ|
betygsättningen	NN	|betygsättning|
.	MAD	|
Anledningen	NN	|anledning|
till	PL	|till|
att	IE	|att|
jag	PN	|jag|
har	VB	|ha|
frågat	VB	|fråga|
vilka	HD	|
anvisningar	NN	|anvisning|
man	NN	|man|
utfärdat	PC	|utfärda|
om	SN	|om|
en	RG	|en|
riktig	JJ	|riktig|
betygsättning	NN	|betygsättning|
är	VB	|vara|
att	IE	|att|
det	DT	|den|en|
tycks	VB	|tycka|tyckas|
vara	VB	|vara|vara på|vara av|
hart	AB	|hart när|
när	HA	|när|hart när:20|
omöjligt	JJ	|omöjlig|
att	IE	|att|
få	PN	|
den	PN	|den|
rätta	NN	|
synen	NN	|syn|
på	AB	|på|vara på:19|
tillämpningen	NN	|tillämpning|
av	PL	|av|vara av:19|
den	PN	|den|
relativa	JJ	|relativ|
betygsättningen	NN	|betygsättning|
att	SN	|att|
slå	VB	|slå|slå i|
igenom	PP	|igenom|
ute	PL	|ute|
i	PL	|slå i:35|
de	PN	|de|
olika	AB	|olika|
skolorna	NN	|skola|
.	MAD	|
Att	SN	|att|
jag	PN	|jag|
tar	VB	|ta|ta upp|ta i|
upp	AB	|upp|ta upp:3|
frågan	NN	|fråga|
i	RG	|ta i:3|
detta	DT	|denna|
sammanhang	NN	|sammanhang|
beror	VB	|bero|bero på|
på	PL	|på|bero på:9|
att	IE	|att|
jag	PN	|jag|
i	PL	|
en	AB	|en|
av	PL	|av|
våra	PS	|vi|
större	JJ	|stor|
aftontidningar	NN	|aftontidning|
här	NN	|här|
i	PL	|
Stockholm	PM	|Stockholm|
läste	VB	|läsa|
en	RG	|en|
ledare	NN	|ledare|
,	MID	|
vari	HA	|vari|
sades	VB	|säga|
bl.a.	AB	|bl.a.|
följande	PC	|följa|följande|
:	MID	|
”	PAD	|
Den	PN	|den|
viktigaste	JJ	|viktig|
nackdelen	NN	|nackdel|
med	PL	|med|
det	PN	|den|
relativa	JJ	|relativ|
betygsystemet	NN	|
är	VB	|vara|
att	SN	|att|
det	PN	|den|
i	PL	|i praktiken|
praktiken	NN	|praktik|i praktiken:14|
ofta	AB	|ofta|
fungerar	VB	|fungera|
så	UO	|
att	IE	|att|
en	RG	|en|
elev	NN	|elev|
inte	AB	|inte|
kan	VB	|kunna|
höja	VB	|höja|
sitt	PS	|sig|
betyg	NN	|betyg|
i	RG	|
ett	RG	|en|
ämne	NN	|ämne|
utan	KN	|utan|
att	UO	|
en	AB	|en|
klasskamrats	NN	|klasskamrat|
betyg	NN	|betyg|
i	RG	|
samma	JJ	|samma|
ämne	NN	|ämne|
samtidigt	AB	|samtidig|
sänks	VB	|sänka|
.	MAD	|
Andelen	NN	|andel|
femmor	NN	|femma|
i	PL	|
klassen	NN	|klass|
är	VB	|vara|
fastställd	PC	|fastställd|
,	MID	|
och	UO	|
skall	NN	|skall|
någon	PN	|någon|
ny	JJ	|ny|
elev	NN	|elev|
få	VB	|få|
ett	RG	|en|
så	VB	|så|
högt	JJ	|hög|
betyg	NN	|betyg|
måste	NN	|måste|
någon	PN	|någon|
av	PL	|av|
dem	PN	|de|
som	KN	|
tidigare	AB	|tidig|tidigare|
haft	VB	|ha|
det	PN	|den|
höga	JJ	|hög|
betyget	NN	|betyg|
få	PN	|
ett	PN	|
lägre	JJ	|låg|
om	AB	|om|
inte	AB	|inte|
proportionerna	NN	|proportion|
skall	VB	|skola|
rubbas	VB	|rubba|
.	MAD	|
”	PAD	|
När	HA	|när|
en	RG	|en|
stor	JJ	|stor|
Stockholmstidnings	NN	|
ledarskribent	NN	|ledarskribent|
kan	VB	|kunna|
få	PN	|
detta	DT	|denna|
så	VB	|så|
om	PL	|om|
bakfoten	NN	|bakfot|
,	MID	|
vad	HP	|vad|
kan	VB	|kunna|
man	NN	|man|
då	AB	|då|
vänta	VB	|vänta|
av	PL	|av|
den	PN	|den|
stora	JJ	|stor|
allmänheten	NN	|allmänhet|
?	MAD	|
Som	HA	|som|
en	RG	|en|
information	NN	|information|
till	PL	|till|
statsrådet	NN	|statsråd|
vill	VB	|vilja|
jag	PN	|jag|
ytterligare	JJ	|ytterlig|
anföra	VB	|anföra|
att	IE	|att|
jag	PN	|jag|
har	VB	|ha|
läst	VB	|läsa|
ett	RG	|en|
referat	NN	|referat|
från	PL	|från|
en	RG	|en|
debatt	NN	|debatt|
i	UO	|
samma	JJ	|samma|
ämne	NN	|ämne|
i	RG	|
en	DT	|en|
större	AB	|stor|
Malmöskola	NN	|
.	MAD	|
Där	HA	|där|
sade	VB	|säga|
—	MID	|
enligt	PP	|enligt|
tidningsreferatet	NN	|tidningsreferat|
—	MID	|
både	KN	|både och|
elever	NN	|elev|
och	UO	|både och:7|
lärare	NN	|lärare|
att	SN	|att|
vi	PN	|vi|
har	VB	|ha|
fått	VB	|få|
besked	NN	|besked|
uppifrån	PP	|uppifrån|
att	SN	|att|
betygsskalan	NN	|betygsskala|
skall	NN	|skall|
tillämpas	VB	|tillämpa|
enligt	PP	|enligt|
ett	RG	|en|
sådant	JJ	|sån|
procentuellt	AB	|procentuell|
fördelningssystem	NN	|
.	MAD	|
Nu	IN	|
vet	VB	|veta|
jag	PN	|jag|
,	MID	|
herr	NN	|herr|
statsråd	NN	|statsråd|
,	MID	|
att	UO	|
så	AB	|så|
inte	AB	|inte|
är	VB	|vara|
fallet	NN	|fall|
.	MAD	|
Skolans	NN	|skola|
rektor	NN	|rektor|
,	MID	|
som	HP	|
var	VB	|vara|
närvarande	NN	|närvarande|
,	MID	|
påpekade	VB	|påpeka|
också	AB	|också|
att	IE	|att|
det	DT	|den|en|
inte	AB	|inte|
förelåg	VB	|föreligga|
något	DT	|någon|
besked	NN	|besked|
uppifrån	PP	|uppifrån|
att	SN	|att|
man	NN	|man|
skall	NN	|skall|
tillämpa	VB	|tillämpa|
den	PN	|den|
s.k	AB	|
,	MID	|
gausska	VB	|
kurvans	NN	|kurva|
fördelning	NN	|fördelning|
på	PP	|på|
betygen	NN	|betyg|
i	PL	|
klassen	NN	|klass|
.	MAD	|
Men	KN	|men|
6	RG	|
Nr	NN	|nr|
6	RG	|
Onsdagen	NN	|onsdag|
den	PN	|den|
11	RG	|
februari	NN	|februari|
1970	RG	|
Om	SN	|om|
information	NN	|information|
angående	PP	|angående|
skolans	NN	|skola|
läroplaner	NN	|läroplan|
och	UO	|
betygssättning	NN	|betygssättning|
hur	HA	|hur|
har	VB	|ha|
då	HA	|då|
denna	PN	|denna|
missuppfattning	NN	|missuppfattning|
uppstått	VB	|uppstå|
?	MAD	|
Statsrådet	NN	|statsråd|
sade	VB	|säga|
i	PN	|
sitt	PS	|sig|
svar	NN	|svar|
att	IE	|att|
skolöverstyrelsen	NN	|
redan	AB	|redan|
från	PP	|från|
införandet	NN	|införande|
har	VB	|ha|
informerat	PC	|informera|
om	PL	|om|
betygsättningen	NN	|betygsättning|
.	MAD	|
Javisst	IN	|javisst|
,	MID	|
herr	NN	|herr|
statsråd	NN	|statsråd|
,	MID	|
men	KN	|men|
har	VB	|ha|ha rätt|
man	NN	|man|
gjort	PC	|gjord|göra|
det	PN	|den|
på	AB	|på|
rätt	PL	|rätt|ha rätt:7|
sätt	VB	|sätta|
?	MAD	|
Jag	PN	|jag|
har	VB	|ha|
från	PP	|från|
utredningsstadiet	NN	|
en	RG	|en|
minnesbild	NN	|minnesbild|
av	PL	|av|
att	SN	|att|
man	NN	|man|
när	AB	|när|
det	PN	|den|
gällde	VB	|gälla|
betygen	NN	|betyg|
talade	VB	|tala|tala om|
om	PL	|om|tala om:14|
att	IE	|att|
skalan	NN	|skala|
1	RG	|
—	MID	|
5	RG	|
skulle	VB	|skola|
komma	VB	|komma|
att	IE	|att|
fördelas	VB	|fördela|
just	JJ	|just|
efter	PL	|
den	DT	|den|en|
gausska	NN	|
kurvan	NN	|kurva|
,	MID	|
d.v.s.	AB	|d.v.s.|
med	PP	|med|
vissa	JJ	|viss|
procent	NN	|procent|
på	PL	|på|
ettor	NN	|etta|
,	MID	|
tvåor	NN	|tvåa|
o.s.v.	AB	|o.s.v.|
Jag	PN	|jag|
tror	VB	|tro|
att	SN	|att|
man	NN	|man|
då	HA	|då|
spred	VB	|sprida|
den	PN	|den|
felaktiga	JJ	|felaktig|
uppfattningen	NN	|uppfattning|
att	SN	|att|
denna	PN	|denna|
kurva	NN	|kurva|
skulle	VB	|skola|
slå	VB	|slå|slå i|slå om|
rätt	AB	|rätt|
även	AB	|även|
i	RG	|slå i:14|
den	PN	|den|
lilla	JJ	|liten|
klassen	NN	|klass|
och	KN	|och|
i	PL	|i varje fall|
varje	DT	|i varje fall:22|
fall	NN	|fall|i varje fall:22|
inom	PP	|inom|
den	PN	|den|
egna	JJ	|egen|
skolan	NN	|skola|
—	MID	|
men	KN	|men|
inte	AB	|inte|
ens	PS	|man|
om	SN	|om|slå om:14|
man	NN	|man|
tar	UO	|
en	RG	|en|
hel	JJ	|hel|
skola	NN	|skola|
slår	VB	|slå|
denna	PN	|denna|
kurva	NN	|kurva|
rätt	JJ	|rätt|
.	MAD	|
Det	DT	|den|en|
behövs	VB	|behöva|behövas|
nämligen	AB	|nämligen|
minst	JJ	|liten|
3	RG	|
000	RG	|
elever	NN	|elev|
i	PL	|
jämförelsematerialet	NN	|
för	PL	|för|
att	SN	|att|
denna	PN	|denna|
procentuella	JJ	|procentuell|
fördelning	NN	|fördelning|
skall	NN	|skall|
bli	VB	|bli|
riktig	JJ	|riktig|
.	MAD	|
Med	PL	|med|med andra ord|
andra	PN	|annan|med andra ord:1|
ord	NN	|ord|med andra ord:1|
tror	VB	|tro|
jag	PN	|jag|
,	MID	|
herr	NN	|herr|
statsråd	NN	|statsråd|
,	MID	|
att	SN	|att|
man	NN	|man|
här	AB	|här|
,	MID	|
kanske	AB	|kanske|
helt	AB	|hel|helt|
av	PP	|av|
förbiseende	NN	|förbiseende|
,	MID	|
har	VB	|ha|
underlåtit	VB	|underlåta|
att	SN	|att|
gå	VB	|gå|gå ut|gå med|
ut	AB	|ut|gå ut:22|
med	AB	|med|gå med:22|
en	RG	|en|
riktig	JJ	|riktig|
information	NN	|information|
redan	AB	|redan|
från	PP	|från|
början	NN	|början|
.	MAD	|
Därför	AB	|därför|
är	VB	|vara|
det	PN	|den|
nu	AB	|nu|
ganska	AB	|ganska|
svårt	JJ	|svår|
att	SN	|att|
rätta	VB	|rätta|rätta till|
till	PL	|till|rätta till:8|
det	PN	|den|
hela	JJ	|hel|
.	MAD	|
Jag	PN	|jag|
är	VB	|vara|vara till|vara med|
medveten	JJ	|medveten|
om	PL	|om|
att	SN	|att|
det	PN	|den|
till	PL	|till|vara till:2|till och med|
och	UO	|till och med:7|
med	AB	|med|vara med:2|till och med:7|
kan	VB	|kunna|
vara	NN	|vara|
bekvämt	JJ	|bekväm|
för	PL	|för|
någon	PN	|någon|
enstaka	JJ	|enstaka|
lärare	NN	|lärare|
—	MID	|
jag	PN	|jag|
säger	VB	|säga|
bara	SN	|bara|
att	IE	|att|
det	DT	|den|en|
kan	VB	|kunna|
vara	VB	|vara|
det	DT	|den|en|
—	MID	|
att	IE	|att|
falla	VB	|falla|
tillbaka	PL	|tillbaka|
på	PL	|på|
detta	PN	|denna|
betygsystem	NN	|
.	MAD	|
När	HA	|när|
Per	PM	|Per|
kommer	VB	|komma|
och	KN	|och|
säger	VB	|säga|säga till|
till	AB	|till|säga till:5|
läraren	NN	|lärare|
att	SN	|att|
han	PN	|han|
har	VB	|ha|
haft	VB	|ha|
ett	PN	|
visst	AB	|viss|visst|
resultat	NN	|resultat|
på	AB	|på|
en	RG	|en|
skrivning	NN	|skrivning|
och	KN	|och|
frågar	VB	|fråga|
varför	HA	|varför|
han	PN	|han|
inte	AB	|inte|
kan	VB	|kunna|
få	PN	|
ett	PN	|
visst	AB	|viss|visst|
betyg	NN	|betyg|
kanske	AB	|kanske|
vederbörande	NN	|vederbörande|
lärare	NN	|lärare|
säger	VB	|säga|
:	MID	|
Vi	PN	|vi|
har	VB	|ha|
en	RG	|en|
viss	JJ	|viss|
fördelning	NN	|fördelning|
,	MID	|
förstår	VB	|förstå|
du	PN	|du|
,	MID	|
och	UO	|
jag	PN	|jag|
kan	VB	|kunna|
inte	AB	|inte|
ge	VB	|ge|ge sig|
dig	PN	|du|ge sig:46|
ett	DT	|en|
bättre	AB	|bra|god|
betyg	NN	|betyg|
.	MAD	|
Det	PN	|den|
rejäla	JJ	|rejäl|
och	UO	|
ärliga	JJ	|ärlig|
svaret	NN	|svar|
skulle	VB	|skola|
vara	VB	|vara|
att	SN	|att|
säga	VB	|säga|säga till|
till	PL	|till|säga till:9|
denne	DT	|denna|
pojke	NN	|pojke|
:	MID	|
Du	PN	|Du|du|
är	VB	|vara|
enligt	PP	|enligt|
min	NN	|min|
uppfattning	NN	|uppfattning|
absolut	JJ	|absolut|
inte	AB	|inte|
värd	NN	|värd|
ett	DT	|en|
bättre	AB	|bra|god|
betyg	NN	|betyg|
.	MAD	|
Herr	NN	|herr|
statsrådet	NN	|statsråd|
säger	VB	|säga|
att	SN	|att|
detta	PN	|denna|
missförstånd	NN	|missförstånd|
i	PL	|
debatten	NN	|debatt|
säkert	AB	|säker|
kommer	UO	|
att	SN	|att|
rättas	VB	|rätta|rätta till|
till	PL	|till|rätta till:12|
genom	PP	|genom|
den	PN	|den|
diskussion	NN	|diskussion|
om	PL	|om|
betygsystemets	NN	|
vara	NN	|vara|
eller	KN	|eller|
icke	AB	|icke|
vara	NN	|vara|
som	HA	|som|
nu	AB	|nu|
pågår	VB	|pågå|
.	MAD	|
Jag	PN	|jag|
tror	VB	|tro|
att	IE	|att|
det	DT	|den|en|
kan	VB	|kunna|
vara	VB	|vara|
riktigt	AB	|riktig|
,	MID	|
herr	NN	|herr|
statsråd	NN	|statsråd|
,	MID	|
därför	AB	|därför|
att	IE	|att|
då	AB	|då|
måste	VB	|måste|
ju	KN	|
blicken	NN	|blick|
riktas	VB	|rikta|
även	AB	|även|
på	PL	|på|
det	DT	|den|en|
nuvarande	PC	|nuvarande|
systemet	NN	|system|
.	MAD	|
Jag	PN	|jag|
hoppas	VB	|hoppa|hoppas|
dock	KN	|
att	SN	|att|
man	PN	|man|
även	AB	|även|
inom	PP	|inom|
departementet	NN	|departement|
och	UO	|
inom	PP	|inom|
skolöverstyrelsen	NN	|
är	VB	|vara|
medveten	JJ	|medveten|
om	PL	|om|
den	PN	|den|
besvär-	VB	|besvära|besvärja|
liga	NN	|liga|
situation	NN	|situation|
som	HA	|som|
här	AB	|här|
föreligger	VB	|föreligga|
och	KN	|och|
som	KN	|
alltså	AB	|alltså|
har	VB	|ha|
dröjt	VB	|dröja|
sig	PN	|sig|
kvar	PL	|kvar|
på	PL	|på|på grund av|
grund	JJ	|grund|på grund av:29|
av	PL	|av|på grund av:29|
att	SN	|att|
man	NN	|man|
från	PL	|från|från början|
början	NN	|början|från början:34|
inte	AB	|inte|
fick	VB	|få|
riktig	JJ	|riktig|
information	NN	|information|
.	MAD	|
Jag	PN	|jag|
tar	UO	|
ad	PM	|ad notam|
notam	NN	|ad notam:3|
beskedet	NN	|besked|
från	PP	|från|
statsrådet	NN	|statsråd|
att	SN	|att|
ytterligare	JJ	|ytterlig|
information	NN	|information|
skall	NN	|skall|
ges	VB	|ge|
om	AB	|om|
nuvarande	PC	|nuvarande|
betygsystems	NN	|
tilllämpning	NN	|
och	UO	|
att	SN	|att|
denna	PN	|denna|
information	NN	|information|
även	AB	|även|
skall	NN	|skall|
föras	VB	|föra|föra ut|
vidare	AB	|vid|vidare|
ut	AB	|ut|föra ut:23|
till	AB	|till|
eleverna	NN	|elev|
.	MAD	|
Jag	PN	|jag|
anser	VB	|anse|
att	IE	|att|
både	KN	|både och|
svaret	NN	|svar|
på	AB	|på|
mina	PS	|jag|
två	RG	|två|
första	RO	|
frågor	NN	|fråga|
och	UO	|både och:4|
herr	NN	|herr|
statsrådets	NN	|statsråd|
svar	NN	|svar|
på	PL	|på|
den	PN	|den|
sista	JJ	|sista|
frågan	NN	|fråga|
i	RG	|
min	NN	|min|
interpellation	NN	|interpellation|
är	VB	|vara|
mycket	AB	|mycket|
betydelsefulla	JJ	|betydelsefull|
.	MAD	|
Jag	PN	|jag|
ber	VB	|be|
därför	HA	|därför|
att	SN	|att|
än	KN	|än en gång|
en	RG	|en|än en gång:5|en gång|
gång	NN	|gång|än en gång:5|en gång:6|
få	PN	|
tacka	VB	|tacka|
herr	NN	|herr|
statsrådet	NN	|statsråd|
.	MAD	|
Herr	NN	|herr|
LIDGARD	PM	|
(	PAD	|
m	UO	|
)	PAD	|
:	MID	|
Herr	NN	|herr|
talman	NN	|talman|
!	MAD	|
Jag	PN	|jag|
skall	VB	|skola|
hålla	VB	|hålla|hålla sig|
mig	PN	|jag|hålla sig:3|
till	PP	|till|
själva	JJ	|själv|själva|
informationsproblemet	NN	|
när	HA	|när|
det	DT	|den|en|
gäller	VB	|gälla|
läroplanen	NN	|läroplan|
för	VB	|föra|
grundskolan	NN	|grundskola|
.	MAD	|
Det	DT	|den|en|
är	VB	|vara|
riktigt	AB	|riktig|
som	HA	|som|
statsrådet	NN	|statsråd|
säger	VB	|säga|
,	MID	|
att	IE	|att|
det	DT	|den|en|
förekommer	VB	|förekomma|
information	NN	|information|
om	PL	|om|
den	PN	|den|
nya	JJ	|ny|
läroplanen	NN	|läroplan|
i	RG	|
samband	NN	|samband|
med	PP	|med|
studiedagar	NN	|studiedag|
och	UO	|
på	PL	|på|
annat	AB	|
sätt	NN	|sätt|
—	MID	|
genom	PP	|genom|
broschyrer	NN	|broschyr|
,	MID	|
diabilder	NN	|diabild|
eller	KN	|eller|
vad	HP	|vad|
det	PN	|den|
nu	AB	|nu|
är	VB	|vara|
.	MAD	|
Men	KN	|men|
vad	HP	|vad|
som	KN	|
inte	AB	|inte|
förekommer	VB	|förekomma|
är	VB	|vara|
att	IE	|att|
lärarna	NN	|lärare|
,	MID	|
de	DT	|en|
som	UO	|
skall	NN	|skall|
arbeta	VB	|arbeta|
efter	PL	|
den	PN	|den|
nya	JJ	|ny|
läroplanen	NN	|läroplan|
,	MID	|
får	NN	|får|
den	PN	|den|
i	PN	|i sin|
sin	PS	|sig|i sin:21|
hand	NN	|hand|
.	MAD	|
Man	PN	|man|
kan	VB	|kunna|
tycka	VB	|tycka|
att	IE	|att|
det	DT	|den|en|
är	VB	|vara|vara till|
rimligt	JJ	|rimlig|
att	SN	|att|
varje	DT	|
arbetstagare	NN	|arbetstagare|
inom	PP	|inom|
sitt	PS	|sig|
arbetsområde	NN	|arbetsområde|
får	NN	|får|
tillgång	NN	|tillgång|
till	PL	|till|vara till:6|
det	PN	|den|
material	NN	|material|
som	KN	|
han	PN	|han|
behöver	VB	|behöva|
ha	VB	|ha|
för	PL	|för|
att	SN	|att|
kunna	VB	|kunna|
fullgöra	VB	|fullgöra|
sina	VB	|sina|
skyldigheter	NN	|skyldighet|
.	MAD	|
Vi	PN	|vi|
förväntar	VB	|förvänta|förvänta sig|
oss	PN	|vi|förvänta sig:2|
att	IE	|att|
lärarna	NN	|lärare|
skall	NN	|skall|
arbeta	VB	|arbeta|
i	PL	|i enlighet med|
enlighet	NN	|i enlighet med:8|
med	AB	|med|i enlighet med:8|
läroplanen	NN	|läroplan|
för	VB	|föra|
grundskolan	NN	|grundskola|
,	MID	|
gymnasiet	NN	|gymnasium|
och	KN	|och|
fackskolan	NN	|fackskola|
,	MID	|
men	KN	|men|
lärarna	NN	|lärare|
får	VB	|få|
icke	AB	|icke|
av	PL	|av|
arbetsgivaren	NN	|arbetsgivare|
tillgång	NN	|tillgång|
till	PP	|till|
dessa	DT	|denna|
skrifter	NN	|skrift|
på	PL	|på|
annat	AB	|
sätt	VB	|sätta|
än	KN	|
att	SN	|att|
de	PN	|de|
nya	JJ	|ny|
läroplanerna	NN	|läroplan|
finns	VB	|finna|finnas|
i	RG	|
ett	DT	|en|
eller	KN	|eller|
möjligtvis	AB	|möjligtvis|
två	RG	|två|
exemplar	NN	|exemplar|
på	PP	|på|
biblioteket	NN	|bibliotek|
.	MAD	|
Detta	PN	|denna|
material	NN	|material|
torde	VB	|torde|
varje	DT	|
lärare	NN	|lärare|
praktiskt	AB	|praktisk|praktiskt taget|
taget	PC	|ta|tagen|praktiskt taget:6|
dagligen	AB	|dagligen|
behöva	VB	|behöva|
gå	VB	|gå|gå till|
tillbaka	AB	|tillbaka|
till	AB	|till|gå till:10|
,	MID	|
läsa	VB	|läsa|
och	UO	|
sätta	VB	|sätta|sätta sig|sätta in|sätta sig in|
sig	PN	|sig|sätta sig:16|sätta sig in:16|
in	PL	|in|sätta in:16|sätta sig in:16|in i|
i	NN	|i|in i:18|
,	MID	|
men	NN	|men|
detta	PN	|denna|
viktiga	JJ	|viktig|
material	NN	|material|
tillhandahåller	VB	|tillhandahålla|
man	PN	|man|
honom	PN	|han|
inte	AB	|inte|
.	MAD	|
Detta	DT	|denna|
är	VB	|vara|
en	RG	|en|
allvarlig	JJ	|allvarlig|
brist	NN	|brist|
i	RG	|
den	PN	|den|
information	NN	|information|
man	PN	|man|
bör	VB	|böra|
ge	VB	|ge|
lärarna	NN	|lärare|
om	UO	|
de	DT	|en|
förändringar	NN	|förändring|
som	HA	|som|
nu	AB	|nu|
genomförs	VB	|genomföra|
i	PL	|
läroplanen	NN	|läroplan|
.	MAD	|
I	IN	|i stället|
stället	NN	|ställ|ställe|i stället:1|
gör	VB	|göra|
vårt	PS	|vi|
statliga	JJ	|statlig|
utbildningsförlag	NN	|
på	PL	|på|
det	PN	|den|
sättet	NN	|sätt|
att	SN	|att|
man	PN	|man|
annonserar	VB	|annonsera|
om	PL	|om|
att	SN	|att|
den	PN	|den|
kompletta	JJ	|komplett|
läroplanen	NN	|läroplan|
är	VB	|vara|vara av|
utgiven	PC	|ge ut|utge|
av	PL	|av|vara av:18|
skolöverstyrelsen	NN	|
.	MAD	|
Den	DT	|den|en|
är	VB	|vara|vara på|
uppdelad	PC	|dela upp|uppdela|
på	AB	|på|vara på:2|
Onsdagen	NN	|onsdag|
den	PN	|den|
11	RG	|
februari	NN	|februari|
1970	RG	|
Nr	NN	|nr|
6	RG	|
7	RG	|
Om	SN	|om|
information	NN	|information|
angående	PP	|angående|
skolans	NN	|skola|
läroplaner	NN	|läroplan|
och	UO	|
betygssättning	NN	|betygssättning|
flera	JJ	|
volymer	NN	|volym|
.	MAD	|
Den	PN	|den|
allmänna	JJ	|allmän|
delen	NN	|del|
innehåller	VB	|innehålla|
mål	NN	|mål|
och	UO	|
riktlinjer	NN	|riktlinje|
,	MID	|
allmänna	JJ	|allmän|
anvisningar	NN	|anvisning|
för	VB	|föra|
verksamheten	NN	|verksamhet|
i	PL	|
skolan	NN	|skola|
,	MID	|
timplaner	NN	|
och	UO	|
kursplaner	NN	|kursplan|
.	MAD	|
När	HA	|när|
ni	PN	|ni|
hör	VB	|höra|
vad	HA	|vad|
den	DT	|den|en|
innehåller	VB	|innehålla|
kan	VB	|kunna|
ni	PN	|ni|
naturligtvis	AB	|naturligtvis|
säga	VB	|säga|
att	IE	|att|
detta	DT	|denna|
bör	VB	|böra|
läraren	NN	|lärare|
känna	VB	|känna|känna till|
till	AB	|till|känna till:15|
,	MID	|
detta	DT	|denna|
bör	VB	|böra|
han	PN	|han|
ha	IN	|ha|
tillgång	NN	|tillgång|
till	PL	|till|
i	PN	|
sitt	PS	|sig|
eget	JJ	|egen|
bibliotek	NN	|bibliotek|
.	MAD	|
Man	PN	|man|
erbjuder	VB	|erbjuda|
honom	PN	|han|
att	IE	|att|
köpa	VB	|köpa|
denna	PN	|denna|
del	NN	|del|
av	PL	|av|
läroplanen	NN	|läroplan|
för	PL	|för|
16	RG	|
kronor	NN	|krona|
och	KN	|och|
de	PM	|
andra	PN	|annan|
delarna	NN	|del|
till	AB	|till|
varierande	PC	|variera|
pris	NN	|pris|
.	MAD	|
Över	PP	|över|över huvud taget|
huvud	NN	|huvud|över huvud taget:1|
taget	PC	|ta|tagen|över huvud taget:1|
är	VB	|vara|
situationen	NN	|situation|
i	PL	|
skolan	NN	|skola|
den	PN	|den|
att	SN	|att|
man	PN	|man|
förväntar	VB	|förvänta|förvänta sig|
sig	PN	|sig|förvänta sig:11|
av	PL	|av|
lärarpersonalen	PM	|
att	SN	|att|
lärarna	NN	|lärare|
själva	JJ	|själv|själva|
skall	NN	|skall|
hålla	VB	|hålla|hålla sig|hålla med|
sig	PN	|sig|hålla sig:19|
med	PL	|med|hålla med:19|
det	PN	|den|
material	NN	|material|
som	HA	|som|
skall	NN	|skall|
användas	VB	|använda|
i	PL	|
undervisningen	NN	|undervisning|
.	MAD	|
Jag	PN	|jag|
kan	VB	|kunna|
inte	AB	|inte|
anse	VB	|anse|
att	IE	|att|
det	DT	|den|en|
är	VB	|vara|
en	RG	|en|
riktig	JJ	|riktig|
lösning	NN	|lösning|
att	SN	|att|
man	PN	|man|
kräver	VB	|kräva|
av	PL	|av|
personalen	NN	|personal|
att	SN	|att|
den	DT	|den|en|
inhandlar	VB	|inhandla|
de	PN	|de|
skrifter	NN	|skrift|
som	KN	|
behövs	VB	|behöva|behövas|
.	MAD	|
I	IN	|i all synnerhet|
all	JJ	|all|i all synnerhet:1|
synnerhet	NN	|i all synnerhet:1|
gäller	VB	|gälla|
detta	PN	|denna|
om	PL	|om|
läroplanerna	NN	|läroplan|
.	MAD	|
Nu	AB	|nu|
kan	VB	|kunna|
naturligtvis	AB	|naturligtvis|
statsrådet	NN	|statsråd|
säga	VB	|säga|
:	MID	|
”	PAD	|
Detta	DT	|denna|
är	VB	|vara|
inte	AB	|inte|
mitt	PS	|jag|
bord	NN	|bord|
,	MID	|
det	DT	|den|en|
är	VB	|vara|
kommunernas	NN	|kommun|
bord	NN	|bord|
,	MID	|
det	DT	|den|en|
är	VB	|vara|
kommunerna	NN	|kommun|
som	HA	|som|
skall	NN	|skall|
svara	VB	|svara|
för	PP	|för|
dessa	DT	|denna|
kostnader	NN	|kostnad|
.	MAD	|
”	PAD	|
All	DT	|all|all right|
right	NN	|all right:30|
,	MID	|
det	DT	|den|en|
är	VB	|vara|
så	VB	|så|
.	MAD	|
Men	KN	|men|
hjälp	NN	|hjälp|
då	HA	|då|
till	PL	|till|
att	IE	|att|
intressera	VB	|intressera|
kommunerna	NN	|kommun|
,	MID	|
de	PM	|
kommunala	JJ	|kommunal|
skolstyrelserna	NN	|skolstyrelse|
,	MID	|
för	PL	|för|
att	IE	|att|
fullgöra	VB	|fullgöra|
detta	PN	|denna|
åtagande	NN	|åtagande|
!	MAD	|
Jag	PN	|jag|
vet	VB	|veta|
att	IE	|att|
det	DT	|den|en|
finns	VB	|finna|finnas|
kommuner	NN	|kommun|
,	MID	|
som	HP	|
när	HA	|när|
en	RG	|en|
ny	JJ	|ny|
lärare	NN	|lärare|
tillträder	VB	|tillträda|
en	RG	|en|
tjänst	NN	|tjänst|
är	VB	|vara|
så	VB	|så|
generösa	JJ	|generös|
att	IE	|att|
de	PN	|de|
tillhandahåller	VB	|tillhandahålla|
skolstadgan	NN	|
,	MID	|
alltså	AB	|alltså|
ett	PN	|
annat	JJ	|annan|
instrument	NN	|instrument|
som	KN	|
läraren	NN	|lärare|
behöver	VB	|behöva|
känna	VB	|känna|känna till|
till	PL	|till|känna till:31|
för	KN	|för|
sitt	VB	|sitta|
arbete	NN	|arbete|
.	MAD	|
Det	DT	|den|en|
är	VB	|vara|
naturligtvis	AB	|naturligtvis|
i	PL	|i och för sig|
och	KN	|och|i och för sig:4|
för	PL	|för|i och för sig:4|för sig|
sig	PN	|sig|i och för sig:4|för sig:6|
tacksamt	AB	|tacksam|
,	MID	|
ty	KN	|ty|
annars	AB	|annars|
måste	VB	|måste|
ju	KN	|
läraren	NN	|lärare|
själv	JJ	|själv|
rekvirera	VB	|rekvirera|
Svensk	JJ	|svensk|
författningssamling	NN	|
för	PL	|för|
att	IE	|att|
få	PN	|
veta	VB	|veta|
sina	VB	|sina|
skyldigheter	NN	|skyldighet|
och	UO	|
annat	AB	|
som	KN	|
hör	VB	|höra|höra till|
till	AB	|till|höra till:28|
tjänsten	NN	|tjänst|
.	MAD	|
Detta	DT	|denna|
är	VB	|vara|
,	MID	|
anser	VB	|anse|
jag	PN	|jag|
,	MID	|
en	RG	|en|
orimlig	JJ	|orimlig|
situation	NN	|situation|
,	MID	|
som	HA	|som|
det	DT	|den|en|
bör	VB	|böra|
vara	VB	|vara|vara på|
utbildningsministern	NN	|utbildningsminister|
angeläget	JJ	|angelägen|
att	IE	|att|
på	PL	|på|vara på:14|
det	UO	|
ena	JJ	|ena|
eller	UO	|
andra	JJ	|andra|annan|
sättet	NN	|sätt|
rätta	VB	|rätta|rätta till|
till	PL	|till|rätta till:24|
så	VB	|så|
snart	AB	|snar|snart|
som	UO	|
möj-	PM	|
ligt	JJ	|
.	MAD	|
Herr	NN	|herr|
statsrådet	NN	|statsråd|
CARLSSON	PM	|
:	MID	|
Herr	NN	|herr|
talman	NN	|talman|
!	MAD	|
Jag	PN	|jag|
kan	VB	|kunna|
fatta	VB	|fatta|fatta sig kort|
mig	PN	|jag|fatta sig kort:3|
mycket	AB	|mycket|
kort	JJ	|kort|fatta sig kort:3|
eftersom	SN	|eftersom|
herr	NN	|herr|
Thorsten	PM	|
Larssons	PM	|Larsson|
synpunkter	NN	|synpunkt|
ligger	VB	|ligga|
nära	AB	|nära|
dem	PN	|de|
som	HA	|som|
jag	PN	|jag|
själv	JJ	|själv|
förde	PC	|föra|
fram	AB	|fram|
.	MAD	|
Låt	VB	|låta|
mig	PN	|jag|
emellertid	AB	|emellertid|
först	AB	|först|
säga	VB	|säga|säga till|
till	PL	|till|säga till:5|
herr	NN	|herr|
Lidgard	PM	|
att	IE	|att|
det	DT	|den|en|
problem	NN	|problem|
han	PN	|han|
tar	VB	|ta|ta upp|
upp	AB	|upp|ta upp:13|
har	VB	|ha|
vi	PN	|vi|
båda	PN	|båda|
ungefär	AB	|ungefär|
lika	JJ	|lik|lika|
stora	JJ	|stor|
eller	UO	|
lika	JJ	|lik|lika|
små	JJ	|liten|
möjligheter	NN	|möjlighet|
att	IE	|att|
hjälpa	VB	|hjälpa|hjälpa till|
till	PL	|till|hjälpa till:26|
att	IE	|att|
klara	JJ	|klar|
.	MAD	|
Var	VB	|vara|var och en|vara av|
och	KN	|och|var och en:1|
en	UO	|var och en:1|
av	AB	|av|vara av:1|
oss	PN	|vi|
får	NN	|får|
väl	AB	|väl|
—	MID	|
i	RG	|i den mån|
den	DT	|den|en|i den mån:9|
mån	NN	|mån|i den mån:9|
vi	PN	|vi|
är	VB	|vara|
kommunalt	JJ	|kommunal|
aktiva	JJ	|aktiv|
—	MID	|
efter	AB	|
sin	PS	|sig|
förmåga	NN	|förmåga|
söka	VB	|söka|
bidra	VB	|bidra|
till	PL	|till|
lösningar	NN	|lösning|
av	PL	|av|
det	PN	|den|
slag	NN	|slag|
som	HA	|som|
herr	NN	|herr|
Lidgard	PC	|
är	VB	|vara|
ute	PL	|ute|ute efter|
efter	PL	|ute efter:31|
.	MAD	|
Beträffande	PP	|beträffande|
betygen	NN	|betyg|
har	VB	|ha|
jag	PN	|jag|
trots	PP	|trots|trots allt|
allt	NN	|allt|trots allt:5|
svårt	JJ	|svår|
att	SN	|att|
förstå	VB	|förstå|
att	IE	|att|
det	DT	|den|en|
skall	VB	|skola|
vara	NN	|vara|
så	VB	|så|
besvärligt	AB	|besvärlig|
att	SN	|att|
klargöra	VB	|klargöra|
principerna	NN	|princip|
.	MAD	|
I	PP	|i|
vårt	PS	|vi|
land	NN	|land|
genomför	VB	|genomföra|
vi	PN	|vi|
på	AB	|på|
en	RG	|en|
rad	NN	|rad|
områden	NN	|område|
ständigt	AB	|ständig|
ganska	AB	|ganska|
komplicerade	VB	|komplicera|
reformer	NN	|reform|
och	UO	|
bestämmelser	NN	|bestämmelse|
.	MAD	|
Samhället	NN	|samhälle|
i	PL	|
sig	PN	|sig|
självt	JJ	|själv|
är	VB	|vara|
komplicerat	PC	|komplicera|komplicerad|
,	MID	|
och	KN	|och|
därav	AB	|därav|
följer	VB	|följa|
ofta	AB	|ofta|
att	IE	|att|
lösningarna	NN	|lösning|
på	PL	|på|
olika	AB	|olika|
problem	NN	|problem|
även	AB	|även|
de	PN	|de|
blir	VB	|bli|
komplicerade	PC	|komplicera|komplicerad|
.	MAD	|
Här	AB	|här|
gäller	VB	|gälla|
det	PN	|den|
nu	NN	|nu|
att	IE	|att|
i	PL	|i fråga|i fråga om|
fråga	VB	|fråga|i fråga:6|i fråga om:6|
om	PL	|om|i fråga om:6|
betygsättningen	NN	|betygsättning|
få	VB	|få|
ut	PL	|ut|
till	PP	|till|
allmän	JJ	|allmän|
kännedom	NN	|kännedom|
att	SN	|att|
den	PN	|den|
omdebatterade	PC	|omdebatterad|
principen	NN	|princip|
inte	AB	|inte|
skall	NN	|skall|
tillämpas	VB	|tillämpa|
på	PL	|på|
den	PN	|den|
enskilda	JJ	|enskild|
klassen	NN	|klass|
,	MID	|
utan	PL	|
att	IE	|att|
det	DT	|den|en|
är	VB	|vara|
fråga	VB	|fråga|
om	SN	|om|
en	RG	|en|
princip	NN	|princip|
för	PL	|för|
hur	HA	|hur|
betygsystemet	NN	|
,	MID	|
sett	PC	|se|
i	RG	|
ett	DT	|en|
större	AB	|stor|
perspektiv	NN	|perspektiv|
,	MID	|
skall	NN	|skall|
tillämpas	VB	|tillämpa|
i	PL	|
landet	NN	|land|
som	HP	|
helhet	NN	|helhet|
.	MAD	|
Herr	NN	|herr|
Thorsten	PM	|
Larsson	PM	|Larsson|
underströk	VB	|understryka|
också	AB	|också|
detta	PN	|denna|
med	PL	|med|med all önskvärd tydlighet|
all	JJ	|all|med all önskvärd tydlighet:7|
önskvärd	JJ	|önskvärd|med all önskvärd tydlighet:7|
tydlighet	NN	|tydlighet|med all önskvärd tydlighet:7|
.	MAD	|
Men	KN	|men|
tyvärr	AB	|tyvärr|
finns	VB	|finna|finnas|
missförståndet	NN	|missförstånd|
kvar	PL	|kvar|
på	PL	|på|
sina	PS	|sig|
håll	VB	|hålla|
.	MAD	|
Jag	PN	|jag|
kan	VB	|kunna|
försäkra	VB	|försäkra|
att	IE	|att|
jag	PN	|jag|
använder	VB	|använda|
varje	DT	|
tillfälle	NN	|tillfälle|
då	HA	|då|
jag	PN	|jag|
är	VB	|vara|vara till|
ute	PL	|ute|
till	PL	|till|vara till:11|
att	IE	|att|
försöka	VB	|försöka|
få	VB	|få|
fram	PL	|fram|
information	NN	|information|
om	PL	|om|
hur	HA	|hur|
det	PN	|den|
i	PL	|
verkligheten	NN	|verklighet|
förhåller	VB	|förhålla|förhålla sig|
sig	PN	|sig|förhålla sig:24|
.	MAD	|
Skolöverstyrelsen	PM	|Skolöverstyrelsen|
har	VB	|ha|
också	AB	|också|
nyligen	AB	|nyligen|
givit	VB	|ge|ge ut|
ut	PL	|ut|ge ut:5|
en	RG	|en|
broschyr	NN	|broschyr|
,	MID	|
där	AB	|där|
det	PN	|den|
i	PL	|
klartext	NN	|klartext|
slås	VB	|slå|slå fast|slå vad|
fast	JJ	|fast|slå fast:14|
vad	NN	|vad|slå vad:14|
principen	NN	|princip|
innebär	VB	|innebära|
.	MAD	|
Jag	PN	|jag|
hoppas	VB	|hoppa|hoppas|
också	AB	|också|
att	IE	|att|
missuppfattningen	NN	|missuppfattning|
åtminstone	AB	|åtminstone|
inte	AB	|inte|
i	PL	|i fortsättningen|
fortsättningen	NN	|fortsättning|i fortsättningen:8|
skall	NN	|skall|
behöva	VB	|behöva|
bli	VB	|bli|
ett	RG	|en|
argument	NN	|argument|
i	PL	|
betygsdebatten	NN	|
.	MAD	|
Personligen	AB	|personligen|
anser	VB	|anse|
jag	PN	|jag|
att	IE	|att|
det	DT	|den|en|
finns	VB	|finna|finnas|
många	JJ	|
skäl	NN	|skäl|
som	HA	|som|
gör	VB	|göra|
att	IE	|att|
man	NN	|man|
i	RG	|
olika	AB	|olika|
sammanhang	NN	|sammanhang|
kan	VB	|kunna|
diskutera	VB	|diskutera|
om	PL	|om|
betygsystemet	NN	|
är	VB	|vara|
så	VB	|så|
lyckat	PC	|lyckad|
.	MAD	|
Vi	PN	|vi|
genomför	VB	|genomföra|
ju	AB	|ju|
nu	AB	|nu|
också	AB	|också|
den	DT	|den|en|
ändringen	NN	|ändring|
att	IE	|att|
vi	PN	|vi|
slopar	VB	|slopa|
betygen	NN	|betyg|
i	PP	|i|
en	RG	|en|
stor	JJ	|stor|
del	NN	|del|
av	PL	|av|
grundskolan	NN	|grundskola|
.	MAD	|
Just	AB	|just|
därför	AB	|därför|
att	IE	|att|
det	DT	|den|en|
från	PP	|från|
olika	JJ	|olik|
utgångspunkter	NN	|utgångspunkt|
verkligen	AB	|verkligen|
finns	VB	|finna|finnas|
anledning	NN	|anledning|
att	IE	|att|
diskutera	VB	|diskutera|
betygsystemets	NN	|
utformning	NN	|utformning|
,	MID	|
praktiska	JJ	|praktisk|
tillämpning	NN	|tillämpning|
och	UO	|
framtida	JJ	|framtida|
existens	NN	|existens|
är	VB	|vara|
det	PN	|den|
beklagligt	JJ	|beklaglig|
om	PL	|om|
det	DT	|den|en|
i	RG	|
den	DT	|den|en|
debatten	NN	|debatt|
skulle	VB	|skola|
användas	VB	|använda|
argument	NN	|argument|
som	KN	|
inte	AB	|inte|
har	VB	|ha|
förankring	NN	|förankring|
i	PL	|
verkligheten	NN	|verklighet|
och	UO	|
som	HA	|som|
det	DT	|den|en|
inte	AB	|inte|
finns	VB	|finna|finnas|
fog	NN	|fog|
för	VB	|föra|
.	MAD	|
Jag	PN	|jag|
har	VB	|ha|
velat	VB	|vela|vilja|
säga	VB	|säga|säga till|
detta	PN	|denna|
till	PL	|till|säga till:4|
herr	NN	|herr|
8	RG	|
Nr	NN	|nr|
6	RG	|
Meddelande	NN	|meddelande|
ang.	AB	|
enkla	JJ	|enkel|
frågor	NN	|fråga|
Thorsten	PM	|
Larsson	PM	|Larsson|
.	MAD	|
Jag	PN	|jag|
tror	VB	|tro|
inte	AB	|inte|
att	IE	|att|
det	DT	|den|en|
finns	VB	|finna|finnas|
några	DT	|någon|
egentliga	JJ	|egentlig|
meningsskiljaktigheter	NN	|meningsskiljaktighet|
på	PL	|på|på den punkten|
den	DT	|den|en|på den punkten:10|
punkten	NN	|punkt|på den punkten:10|
heller	AB	|heller|
.	MAD	|
Överläggningen	NN	|överläggning|
ansågs	VB	|anse|
härmed	AB	|härmed|
slutad	PC	|
.	MAD	|
Föredrogs	VB	|föredra|
och	UO	|
hänvisades	VB	|hänvisa|
till	PL	|till|
bevillningsutskottet	NN	|bevillningsutskott|
Kungl	JJ	|
.	MAD	|
Maj:ts	NN	|
proposition	NN	|proposition|
nr	NN	|nr|
22	RG	|
,	MID	|
med	PP	|med|
förslag	NN	|förslag|
till	PL	|till|
lag	NN	|lag|
om	PL	|om|
ändring	NN	|ändring|
i	PL	|
kommunalskattelagen	NN	|
(	PAD	|
1928:370	RG	|
)	PAD	|
.	MAD	|
Föredrogs	VB	|föredra|
och	UO	|
hänvisades	VB	|hänvisa|
till	PL	|till|
konstitutionsutskottet	NN	|konstitutionsutskott|
Kungl	JJ	|
.	MAD	|
Maj:ts	NN	|
proposition	NN	|proposition|
nr	NN	|nr|
24	RG	|
,	MID	|
med	PP	|med|
förslag	NN	|förslag|
till	PP	|till|
ändring	NN	|ändring|
i	PL	|
regeringsformen	NN	|regeringsform|
.	MAD	|
Föredrogos	PM	|
ånyo	AB	|ånyo|
bankoutskottets	NN	|
utlåtanden	NN	|utlåtande|
:	MID	|
nr	NN	|nr|
4	RG	|
,	MID	|
angående	PP	|angående|
verkställd	PC	|verkställa|
granskning	NN	|granskning|
av	PL	|av|
riksdagsbibliotekets	NN	|
styrelse	NN	|styrelse|
och	UO	|
förvaltning	NN	|förvaltning|
.	MAD	|
Vad	HP	|vad|
utskottet	NN	|utskott|
i	PL	|
detta	PN	|denna|
utlåtande	NN	|utlåtande|
hemställt	VB	|hemställa|
bifölls	VB	|bifalla|
.	MAD	|
nr	NN	|nr|
5	RG	|
,	MID	|
angående	PP	|angående|
verkställd	PC	|verkställa|
granskning	NN	|granskning|
av	PP	|av|
riksdagens	NN	|riksdag|
lönedelegations	NN	|
verksamhet	NN	|verksamhet|
under	PL	|
år	NN	|år|
1969	RG	|
.	MAD	|
Lades	VB	|lägga|lägga till|lägga till handlingarna|
till	AB	|till|lägga till:1|lägga till handlingarna:1|
handlingarna	NN	|handling|lägga till handlingarna:1|
.	MAD	|
Föredrogs	VB	|föredra|
ånyo	AB	|ånyo|
och	UO	|
lades	VB	|lägga|lägga till|lägga till handlingarna|lägga av|
till	AB	|till|lägga till:4|lägga till handlingarna:4|
handlingarna	NN	|handling|lägga till handlingarna:4|
första	RO	|
lagutskottets	NN	|lagutskott|
utlåtande	NN	|utlåtande|
Onsdagen	NN	|onsdag|
den	PN	|den|
11	RG	|
februari	NN	|februari|
1970	RG	|
nr	NN	|nr|
1	RG	|
,	MID	|
i	PL	|
anledning	NN	|anledning|
av	UO	|lägga av:4|
verkställd	PC	|verkställa|
granskning	NN	|granskning|
av	PP	|av|
riksdagens	NN	|riksdag|
ombudsmäns	NN	|ombudsman|
ämbetsförvaltning	NN	|
.	MAD	|
Meddelande	NN	|meddelande|
ang.	AB	|
enkla	JJ	|enkel|
frågor	NN	|fråga|
Meddelades	PC	|meddela|
,	MID	|
att	UO	|
jämlikt	AB	|jämlik|
8	RG	|
20	RG	|
i	PP	|i|
kammarens	NN	|kammare|
ordningsstadga	NN	|ordningsstadga|
följande	NN	|följande|
enkla	JJ	|enkel|
frågor	NN	|fråga|
denna	PN	|denna|
dag	NN	|dag|
framställts	VB	|framställa|
,	MID	|
nämligen	AB	|nämligen|
av	PL	|av|
herr	NN	|herr|
Björk	PM	|
(	PAD	|
s	NN	|s|
)	PAD	|
till	PL	|till|
herr	NN	|herr|
statsrådet	NN	|statsråd|
och	KN	|och|
chefen	NN	|chef|
för	PL	|för|
justitiedepartementet	NN	|justitiedepartement|
:	MID	|
”	PAD	|
Vill	VB	|vilja|
Statsrådet	NN	|statsråd|
överväga	VB	|överväga|
en	RG	|en|
komplettering	NN	|komplettering|
av	PL	|av|
tidigare	JJ	|tidig|
studier	NN	|studie|
kring	PL	|kring|
Romfördragets	PM	|
konsekvenser	NN	|konsekvens|
vid	PP	|vid|
en	RG	|en|
eventuell	JJ	|eventuell|
svensk	JJ	|svensk|
EEC-anslutning	NN	|
genom	PP	|genom|
att	SN	|att|
föranstalta	VB	|föranstalta|
om	SN	|om|
en	RG	|en|
analys	NN	|analys|
av	UO	|
de	DT	|en|
artiklar	NN	|artikel|
i	NN	|i|
fördraget	AB	|fördragen|
,	MID	|
som	KN	|
berör	VB	|beröra|
EEC-parlamentets	NN	|
sammansättning	NN	|sammansättning|
,	MID	|
funktionssätt	NN	|funktionssätt|
och	UO	|
befogenheter	NN	|befogenhet|
?	MAD	|
”	PAD	|
;	MID	|
samt	KN	|samt|
av	PL	|av|
herr	NN	|herr|
Björk	PM	|
(	PAD	|
s	NN	|s|
)	PAD	|
till	PL	|till|
herr	NN	|herr|
statsrådet	NN	|statsråd|
Moberg	PM	|Moberg|
:	MID	|
”	PAD	|
Vilka	HD	|
åtgärder	NN	|åtgärd|
är	VB	|vara|
Statsrådet	NN	|statsråd|
beredd	JJ	|beredd|
att	SN	|att|
vidtaga	VB	|vidta|
för	PL	|för|
att	IE	|att|
underlätta	VB	|underlätta|
för	SN	|
studerande	NN	|studerande|
vid	PL	|
universitetsfilialerna	NN	|universitetsfilial|
att	IE	|att|
fortsätta	VB	|fortsätta|
till	PL	|till|
forskarutbildning	NN	|forskarutbildning|
?	MAD	|
”	PAD	|
Justerades	PC	|justera|
protokollsutdrag	NN	|
för	KN	|för|
denna	PN	|denna|
dag	NN	|dag|
,	MID	|
varefter	HA	|varefter|
kammarens	NN	|kammare|
sammanträde	NN	|sammanträde|
avslutades	VB	|avsluta|
kl.	NN	|kl.|
14.22	RG	|
.	MAD	|
In	AB	|in|
fidem	NN	|
Solveig	PM	|
Gemert	JJ	|
Torsdagen	NN	|torsdag|
den	PN	|den|
12	RG	|
februari	NN	|februari|
1970	RG	|
Nr	NN	|nr|
6	RG	|
9	RG	|
Torsdagen	NN	|torsdag|
den	PN	|den|
12	RG	|
februari	NN	|februari|
Kammaren	NN	|kammare|
sammanträdde	PC	|sammanträda|
kl.	NN	|kl.|
15.00	RG	|
;	MID	|
och	UO	|
dess	PS	|den|
förhandlingar	NN	|förhandling|
leddes	VB	|leda|ledas|
av	PL	|av|
herr	NN	|herr|
förste	RO	|
vice	UO	|
talmannen	NN	|talman|
.	MAD	|
Justerades	VB	|justera|
protokollet	NN	|protokoll|
för	KN	|för|
den	PN	|den|
4	RG	|
innevarande	PC	|innevarande|
månad	NN	|månad|
.	MAD	|
Anmäldes	VB	|anmäla|
och	UO	|
godkändes	VB	|godkänna|
bankoutskottets	NN	|
förslag	NN	|förslag|
till	PP	|till|
riksdagens	NN	|riksdag|
skrivelse	NN	|skrivelse|
,	MID	|
nr	NN	|nr|
58	RG	|
,	MID	|
till	PP	|till|
Nordiska	JJ	|nordisk|Nordiska rådet|
rådets	NN	|råd|Nordiska rådet:14|
svenska	JJ	|svensk|
delegation	NN	|delegation|
angående	PP	|angående|
ändring	NN	|ändring|
i	PL	|
reglementet	NN	|reglemente|
för	VB	|föra|
delegationen	NN	|delegation|
.	MAD	|
Anmäldes	VB	|anmäla|
och	UO	|
<bordlades	VB	|
Kungl	JJ	|
.	MAD	|
Maj:ts	NN	|
till	AB	|till|
kammaren	NN	|kammare|
överlämnade	VB	|överlämna|
proposition	NN	|proposition|
nr	NN	|nr|
19	RG	|
,	MID	|
med	PP	|med|
förslag	NN	|förslag|
till	PL	|till|
lag	NN	|lag|
om	PL	|om|
befrielse	NN	|befrielse|
för	PL	|för|
utländsk	JJ	|utländsk|
konsul	NN	|konsul|
från	PP	|från|
skyldighet	NN	|skyldighet|
att	IE	|att|
avlägga	VB	|avlägga|
vittnesmål	NN	|vittnesmål|
m	NN	|m|
.	MAD	|
m	NN	|m|
.	MAD	|
Meddelande	NN	|meddelande|
ang.	AB	|
enkla	JJ	|enkel|
frågor	NN	|fråga|
Meddelades	PC	|meddela|
,	MID	|
att	SN	|att|
jämlikt	AB	|jämlik|
$	JJ	|
20	RG	|
i	PP	|i|
kammarens	NN	|kammare|
ordningsstadga	NN	|ordningsstadga|
följande	NN	|följande|
enkla	JJ	|enkel|
frågor	NN	|fråga|
denna	PN	|denna|
dag	NN	|dag|
framställts	VB	|framställa|
,	MID	|
nämligen	AB	|nämligen|
av	PL	|av|
herr	NN	|herr|
Åkerlund	PM	|Åkerlund|
(	PAD	|
m	UO	|
)	PAD	|
till	PL	|till|
herr	NN	|herr|
statsrådet	NN	|statsråd|
och	KN	|och|
chefen	NN	|chef|
för	PL	|för|
justitiedepartementet	NN	|justitiedepartement|
:	MID	|
”	PAD	|
Har	VB	|ha|
Herr	NN	|herr|
Statsrådet	NN	|statsråd|
uppmärksammat	VB	|uppmärksamma|
riskerna	NN	|risk|
för	PL	|för|
att	SN	|att|
den	PN	|den|
nye	JJ	|ny|
nordamerikanske	PC	|nordamerikansk|
ambassadören	NN	|ambassadör|
kan	VB	|kunna|
komma	VB	|komma|
att	SN	|att|
utsättas	VB	|utsätta|
för	PL	|för|
demonstrationer	NN	|demonstration|
i	UO	|
olika	JJ	|olik|
former	NN	|form|
?	MAD	|
”	PAD	|
;	MID	|
samt	KN	|samt|
av	PL	|av|
herr	NN	|herr|
Nyman	PM	|Nyman|
(	PAD	|
fp	PM	|fp|
)	PAD	|
till	PL	|till|
herr	NN	|herr|
statsrådet	NN	|statsråd|
och	KN	|och|
chefen	NN	|chef|
för	PL	|för|
industridepartementet	NN	|
:	MID	|
”	PAD	|
Vilka	HD	|
åtgärder	NN	|åtgärd|
avser	VB	|avse|
Herr	NN	|herr|
Statsrådet	NN	|statsråd|
och	KN	|och|
Chefen	NN	|chef|
för	PL	|för|
industridepartementet	NN	|
vidtaga	VB	|vidta|
för	PL	|för|
att	SN	|att|
i	RG	|
dagens	NN	|dag|
akuta	JJ	|akut|
elkraftssituation	NN	|
säkra	JJ	|säker|
industrins	NN	|industri|
kraftbehov	NN	|kraftbehov|
?	MAD	|
”	PAD	|
Justerades	VB	|justera|
ett	RG	|en|
protokollsutdrag	NN	|
för	KN	|för|
denna	PN	|denna|
dag	NN	|dag|
,	MID	|
varefter	HA	|varefter|
kammarens	NN	|kammare|
sammanträde	NN	|sammanträde|
avslutades	VB	|avsluta|
kl.	NN	|kl.|
15.01	RG	|
.	MAD	|
In	AB	|in|
fidem	NN	|
K.-G	JJ	|
.	MAD	|
Lindelöw	PM	|
/	PAD	|
Solveig	PM	|
Gemert	JJ	|
10	RG	|
Nr	NN	|nr|
6	RG	|
Fredagen	NN	|fredag|fredagen den 13|
den	PN	|den|fredagen den 13:8|
13	RG	|fredagen den 13:8|
februari	NN	|februari|
1970	RG	|
Fredagen	NN	|fredag|fredagen den 13|
den	PN	|den|fredagen den 13:13|
13	RG	|fredagen den 13:13|
februari	NN	|februari|
Kammaren	NN	|kammare|
sammanträdde	PC	|sammanträda|
kl.	NN	|kl.|
14.00	RG	|
;	MID	|
och	UO	|
dess	PS	|den|
förhandlingar	NN	|förhandling|
leddes	VB	|leda|ledas|
av	PL	|av|
herr	NN	|herr|
förste	RO	|
vice	UO	|
talmannen	NN	|talman|
.	MAD	|
Justerades	VB	|justera|
proiokollet	NN	|
för	KN	|för|
den	PN	|den|
5	RG	|
innevarande	PC	|innevarande|
månad	NN	|månad|
.	MAD	|
Upplästes	VB	|uppläsa|
följande	PC	|följa|följande|
till	AB	|till|
kammaren	NN	|kammare|
inkomna	PC	|inkomma|komma in|
ansökning	NN	|ansökning|
:	MID	|
Till	PP	|till|
riksdagens	NN	|riksdag|
första	RO	|
kammare	NN	|kammare|
Den	PN	|den|
17	RG	|
till	PL	|till|
den	PN	|den|
25	RG	|
februari	NN	|februari|
skall	NN	|skall|
jag	PN	|jag|
deltaga	VB	|delta|
i	PP	|i|
nedrustningsdelegationens	NN	|
arbete	NN	|arbete|
i	PP	|i|
Genéve	NN	|
,	MID	|
varför	HA	|varför|
jag	PN	|jag|
anhåller	VB	|anhålla|
om	PL	|om|
ledighet	NN	|ledighet|
från	PP	|från|
riksdagsarbetet	NN	|
under	PP	|under|
motsvarande	JJ	|motsvarande|
tid	NN	|tid|
.	MAD	|
Stockholm	PM	|Stockholm|
den	PN	|den|
13	RG	|
februari	NN	|februari|
1970	RG	|
Olle	PM	|Olle|
Dahlén	PM	|Dahlén|
Den	DT	|den|en|
begärda	PC	|begära|
ledigheten	NN	|ledighet|
beviljades	VB	|bevilja|
.	MAD	|
Föredrogs	VB	|föredra|
och	UO	|
hänvisades	VB	|hänvisa|
till	PP	|till|
lagutskott	NN	|lagutskott|
Kungl	JJ	|
.	MAD	|
Maj:ts	NN	|
proposition	NN	|proposition|
nr	NN	|nr|
19	RG	|
,	MID	|
med	PP	|med|
förslag	NN	|förslag|
till	PL	|till|
lag	NN	|lag|
om	PL	|om|
befrielse	NN	|befrielse|
för	PL	|för|
utländsk	JJ	|utländsk|
konsul	NN	|konsul|
från	PP	|från|
skyldighet	NN	|skyldighet|
att	IE	|att|
avlägga	VB	|avlägga|
vittnesmål	NN	|vittnesmål|
m	NN	|m|
.	MAD	|
m	NN	|m|
.	MAD	|
Anmäldes	VB	|anmäla|
och	UO	|
bordlades	VB	|bordlägga|
följande	PC	|följa|följande|
till	AB	|till|
kammaren	NN	|kammare|
överlämnade	VB	|överlämna|
kungl	NN	|
.	MAD	|
propositioner	NN	|proposition|
:	MID	|
nr	NN	|nr|
13	RG	|
,	MID	|
med	PP	|med|
förslag	NN	|förslag|
till	PP	|till|
ny	JJ	|ny|
delgivningslag	NN	|
m	NN	|m|
.	MAD	|
m	NN	|m|
.	MAD	|
;	MID	|
nr	NN	|nr|
23	RG	|
,	MID	|
med	AB	|med|
förslag	NN	|förslag|
till	AB	|till|
lag	NN	|lag|
om	AB	|om|
besvär	NN	|besvär|
över	AB	|över|
beslut	NN	|beslut|
av	PP	|av|
riksdagens	NN	|riksdag|
organ	NN	|organ|
;	MID	|
och	KN	|och|
nr	NN	|nr|
26	RG	|
,	MID	|
angående	PP	|angående|
fortsatt	PC	|fortsätta|
garanti	NN	|garanti|
till	PL	|till|
Aktiebolaget	NN	|aktiebolag|
Aerotransport	JJ	|
.	MAD	|
Anmäldes	VB	|anmäla|
och	UO	|
bordlades	VB	|bordlägga|
konstitutionsutskottets	NN	|konstitutionsutskott|
utlåtanden	NN	|utlåtande|
:	MID	|
nr	NN	|nr|
1	RG	|
,	MID	|
i	PL	|
anledning	NN	|anledning|
av	PL	|av|
motioner	NN	|motion|
angående	PP	|angående|
valbarhet	NN	|valbarhet|
till	PL	|till|
byggnads-	NN	|byggnad|
och	UO	|
fastighetsnämnder	NN	|fastighetsnämnd|
;	MID	|
nr	NN	|nr|
2	RG	|
,	MID	|
i	PL	|
anledning	NN	|anledning|
av	PL	|av|
motion	NN	|motion|
om	PP	|om|
riksdagens	NN	|riksdag|
sammanträdesort	VB	|
;	MID	|
nr	NN	|nr|
3	RG	|
,	MID	|
i	PL	|
anledning	NN	|anledning|
av	PL	|av|
motion	NN	|motion|
om	PL	|om|
förbud	NN	|förbud|
att	SN	|att|
tala	VB	|tala|
från	PP	|från|
manuskript	NN	|manuskript|
i	PL	|
riksdagen	NN	|riksdag|
;	MID	|
nr	NN	|nr|
4	RG	|
,	MID	|
i	PL	|
anledning	NN	|anledning|
av	PL	|av|
motion	NN	|motion|
om	AB	|om|
upphävande	PC	|upphäva|
av	PP	|av|
regeringsformens	NN	|regeringsform|
stadgande	NN	|stadgande|
om	PL	|om|
domares	NN	|domare|
oavsättlighet	NN	|oavsättlighet|
m	NN	|m|
.	MAD	|
m	NN	|m|
.	MAD	|
;	MID	|
nr	NN	|nr|
5	RG	|
,	MID	|
i	PL	|
anledning	NN	|anledning|
av	PL	|av|
proposition	NN	|proposition|
med	PP	|med|
förslag	NN	|förslag|
till	PL	|till|
lag	NN	|lag|
om	PL	|om|
upplösning	NN	|upplösning|
av	PL	|av|
Gotlands	PM	|Gotland|
läns	NN	|län|
landstingskommun	NN	|landstingskommun|
m	NN	|m|
.	MAD	|
m	NN	|m|
.	MAD	|
;	MID	|
och	KN	|och|
nr	NN	|nr|
6	RG	|
,	MID	|
i	PL	|
anledning	NN	|anledning|
av	PL	|av|
proposition	NN	|proposition|
med	PP	|med|
förslag	NN	|förslag|
till	PP	|till|
ändring	NN	|ändring|
i	PL	|
tryckfrihetsförordningen	NN	|
;	MID	|
statsutskottets	NN	|
utlåtanden	NN	|utlåtande|
:	MID	|
nr	NN	|nr|
1	RG	|
,	MID	|
i	PL	|
anledning	NN	|anledning|
av	PL	|av|
Kungl	JJ	|
.	MAD	|
Maj:ts	NN	|
i	NN	|i|
statsverkspropositionen	NN	|statsverksproposition|
gjorda	PC	|göra|
framställningar	NN	|framställan|framställning|
rörande	PC	|röra|rörande|
utgifterna	NN	|utgift|
för	PL	|för|
budgetåret	NN	|budgetår|
1970	RG	|
/	PAD	|
71	RG	|
för	AB	|för|
kungl	NN	|
.	MAD	|
hov-	JJ	|
och	KN	|och|
slottsstaterna	NN	|
;	MID	|
nr	NN	|nr|
14	RG	|
,	MID	|
i	PL	|
anledning	NN	|anledning|
av	PL	|av|
Kungl	JJ	|
.	MAD	|
Maj:ts	NN	|
i	NN	|i|
statsverkspropositionen	NN	|statsverksproposition|
gjorda	PC	|göra|
framställning	NN	|framställning|
om	PL	|om|
anslag	NN	|anslag|
för	PL	|för|
budgetåret	NN	|budgetår|
1970	RG	|
/	PAD	|
71	RG	|
till	PL	|till|
oförutsedda	JJ	|oförutsedd|
utgifter	NN	|utgift|
;	MID	|
nr	NN	|nr|
15	RG	|
,	MID	|
i	PL	|
anledning	NN	|anledning|
av	PL	|av|
vissa	JJ	|viss|
i	PL	|
statsverkspropositionen	NN	|statsverksproposition|
behandlade	PC	|behandla|
för	KN	|för|
flera	JJ	|
huvudtitlar	NN	|huvudtitel|
gemensamma	JJ	|gemensam|
frågor	NN	|fråga|
;	MID	|
nr	NN	|nr|
16	RG	|
,	MID	|
i	PL	|
anledning	NN	|anledning|
av	PL	|av|
Kungl	JJ	|
.	MAD	|
Maj:ts	NN	|
i	NN	|i|
statsverkspropositionen	NN	|statsverksproposition|
gjorda	PC	|göra|
framställning	NN	|framställning|
om	PL	|om|
rörlig	JJ	|rörlig|
kredit	NN	|kredit|
i	PL	|
riksgäldskontoret	NN	|
för	PL	|för|
myndigheter	NN	|myndighet|
som	KN	|
bedriver	VB	|bedriva|
uppdragsverksamhet	NN	|
;	MID	|
nr	NN	|nr|
17	RG	|
,	MID	|
i	PL	|
anledning	NN	|anledning|
av	PL	|av|
Kungl	JJ	|
.	MAD	|
Maj:ts	NN	|
i	NN	|i|
statsverkspropositionen	NN	|statsverksproposition|
framlagda	PC	|framlägga|lägga fram|
förslag	NN	|förslag|
till	PP	|till|
stat	NN	|stat|
för	VB	|föra|
försvarets	NN	|försvar|
fastighetsfond	JJ	|
för	SN	|
budgetåret	NN	|budgetår|
1970	RG	|
/	PAD	|
71	RG	|
;	MID	|
nr	NN	|nr|
18	RG	|
,	MID	|
i	PL	|
anledning	NN	|anledning|
av	PL	|av|
Kungl	JJ	|
.	MAD	|
Maj:ts	NN	|
i	NN	|i|
statsverkspropositionen	NN	|statsverksproposition|
gjorda	PC	|göra|
framställning	NN	|framställning|
angående	PP	|angående|
beredskapsstat	NN	|beredskapsstat|
för	PL	|för|
försvarsväsendet	NN	|försvarsväsen|
för	PL	|för|
budgetåret	NN	|budgetår|
1970	RG	|
/	PAD	|
71	RG	|
;	MID	|
nr	NN	|nr|
19	RG	|
,	MID	|
i	PL	|
anledning	NN	|anledning|
av	PL	|av|
Kungl	JJ	|
.	MAD	|
Maj:ts	NN	|
i	NN	|i|
statsverkspropositionen	NN	|statsverksproposition|
gjorda	PC	|göra|
fram-	AB	|fram|
Fredagen	NN	|fredag|fredagen den 13|
den	PN	|den|fredagen den 13:6|
13	RG	|fredagen den 13:6|
februari	NN	|februari|
1970	RG	|
ställning	NN	|ställning|
om	PL	|om|
anslag	NN	|anslag|
för	PL	|för|
budgetåret	NN	|budgetår|
1970	RG	|
/	PAD	|
71	RG	|
till	PL	|till|
avskrivning	NN	|avskrivning|
av	PP	|av|
oreglerade	JJ	|oreglerad|
kapitalmedelsförluster	PM	|
;	MID	|
nr	NN	|nr|
20	RG	|
,	MID	|
i	PL	|
anledning	NN	|anledning|
av	PL	|av|
Kungl	JJ	|
.	MAD	|
Maj:ts	NN	|
i	NN	|i|
statsverkspropositionen	NN	|statsverksproposition|
gjorda	PC	|göra|
framställning	NN	|framställning|
om	AB	|om|
inrättande	PC	|inrätta|
av	PP	|av|
en	RG	|en|
fond	NN	|fond|
för	PL	|för|
beredskapslagring	NN	|beredskapslagring|
;	MID	|
nr	NN	|nr|
21	RG	|
,	MID	|
i	PL	|
anledning	NN	|anledning|
av	PL	|av|
Kungl	JJ	|
.	MAD	|
Maj:ts	NN	|
proposition	NN	|proposition|
angående	PP	|angående|
utgifter	NN	|utgift|
på	UO	|
tillläggsstat	PC	|
II	RO	|II|
till	AB	|till|
riksstaten	NN	|riksstat|
för	PL	|för|
budgetåret	NN	|budgetår|
1969	RG	|
/	PAD	|
70	RG	|
,	MID	|
i	RG	|
vad	HP	|vad|
avser	VB	|avse|
justitiedepartementets	NN	|justitiedepartement|
verksamhetsområde	NN	|verksamhetsområde|
,	MID	|
jämte	PP	|jämte|
motioner	NN	|motion|
;	MID	|
nr	NN	|nr|
22	RG	|
,	MID	|
i	PL	|
anledning	NN	|anledning|
av	PL	|av|
Kungl	JJ	|
.	MAD	|
Maj:ts	NN	|
proposition	NN	|proposition|
angående	PP	|angående|
utgifter	NN	|utgift|
på	UO	|
tillläggsstat	PC	|
II	RO	|II|
till	AB	|till|
riksstaten	NN	|riksstat|
för	PL	|för|
budgetåret	NN	|budgetår|
1969	RG	|
/	PAD	|
70	RG	|
i	RG	|
vad	HP	|vad|
avser	VB	|avse|
försvarsdepartementets	NN	|försvarsdepartement|
verksamhetsområde	NN	|verksamhetsområde|
;	MID	|
nr	NN	|nr|
23	RG	|
,	MID	|
i	PL	|
anledning	NN	|anledning|
av	PL	|av|
Kungl	JJ	|
.	MAD	|
Maj:ts	NN	|
proposition	NN	|proposition|
angående	PP	|angående|
utgifter	NN	|utgift|
på	UO	|
tillläggsstat	PC	|
II	RO	|II|
till	AB	|till|
riksstaten	NN	|riksstat|
för	PL	|för|
budgetåret	NN	|budgetår|
1969	RG	|
/	PAD	|
70	RG	|
i	RG	|
vad	HP	|vad|
avser	VB	|avse|
socialdepartementets	NN	|
verksamhetsområde	NN	|verksamhetsområde|
;	MID	|
nr	NN	|nr|
24	RG	|
,	MID	|
i	PL	|
anledning	NN	|anledning|
av	PL	|av|
Kungl	JJ	|
.	MAD	|
Maj:ts	NN	|
proposition	NN	|proposition|
angående	PP	|angående|
utgifter	NN	|utgift|
på	UO	|
tillläggsstat	PC	|
II	RO	|II|
till	AB	|till|
riksstaten	NN	|riksstat|
för	PL	|för|
budgetåret	NN	|budgetår|
1969	RG	|
/	PAD	|
70	RG	|
i	RG	|
vad	HP	|vad|
avser	VB	|avse|
finansdepartementets	NN	|finansdepartement|
verksamhetsområde	NN	|verksamhetsområde|
;	MID	|
nr	NN	|nr|
25	RG	|
,	MID	|
i	PL	|
anledning	NN	|anledning|
av	PL	|av|
Kungl	JJ	|
.	MAD	|
Maj:ts	NN	|
proposition	NN	|proposition|
angående	PP	|angående|
utgifter	NN	|utgift|
på	UO	|
tillläggsstat	PC	|
II	RO	|II|
till	AB	|till|
riksstaten	NN	|riksstat|
för	PL	|för|
budgetåret	NN	|budgetår|
1969	RG	|
/	PAD	|
70	RG	|
i	RG	|
vad	HP	|vad|
avser	VB	|avse|
utbildningsdepartementets	NN	|utbildningsdepartement|
verksamhetsområde	NN	|verksamhetsområde|
;	MID	|
nr	NN	|nr|
26	RG	|
,	MID	|
i	PL	|
anledning	NN	|anledning|
av	PL	|av|
Kungl	JJ	|
.	MAD	|
Maj:ts	NN	|
proposition	NN	|proposition|
angående	PP	|angående|
utgifter	NN	|utgift|
på	UO	|
tillläggsstat	PC	|
II	RO	|II|
till	AB	|till|
riksstaten	NN	|riksstat|
för	PL	|för|
budgetåret	NN	|budgetår|
1969	RG	|
/	PAD	|
70	RG	|
i	RG	|
vad	HP	|vad|
avser	VB	|avse|
handelsdepartementets	NN	|handelsdepartement|
verksamhetsområde	NN	|verksamhetsområde|
;	MID	|
nr	NN	|nr|
27	RG	|
,	MID	|
i	PL	|
anledning	NN	|anledning|
av	PL	|av|
Kungl	JJ	|
.	MAD	|
Maj:ts	NN	|
proposition	NN	|proposition|
angående	PP	|angående|
utgifter	NN	|utgift|
på	UO	|
tillläggsstat	PC	|
II	RO	|II|
till	AB	|till|
riksstaten	NN	|riksstat|
för	PL	|för|
budgetåret	NN	|budgetår|
1969	RG	|
/	PAD	|
70	RG	|
,	MID	|
i	RG	|
vad	HP	|vad|
avser	VB	|avse|
inrikesdepartemen-	RG	|
KUNGL	PM	|
.	MAD	|
BOKTR	VB	|
.	MAD	|
STHLM	NN	|
1970	RG	|
Nr	NN	|nr|
6	RG	|
11	RG	|
tets	NN	|te|
verksamhetsområde	NN	|verksamhetsområde|
,	MID	|
jämte	PP	|jämte|
motioner	NN	|motion|
;	MID	|
och	KN	|och|
nr	NN	|nr|
28	RG	|
,	MID	|
i	PL	|
anledning	NN	|anledning|
av	PL	|av|
Kungl	JJ	|
.	MAD	|
Maj:ts	NN	|
proposition	NN	|proposition|
angående	PP	|angående|
utgifter	NN	|utgift|
på	UO	|
tillläggsstat	PC	|
IT	NN	|IT|it|
till	AB	|till|
riksstaten	NN	|riksstat|
för	PL	|för|
budgetåret	NN	|budgetår|
1969	RG	|
/	PAD	|
70	RG	|
i	RG	|
vad	HP	|vad|
avser	VB	|avse|
civildepartementets	NN	|civildepartement|
verksamhetsområde	NN	|verksamhetsområde|
;	MID	|
bevillningsutskottets	NN	|bevillningsutskott|
betänkande	NN	|betänkande|
nr	NN	|nr|
4	RG	|
,	MID	|
med	PP	|med|
anledning	NN	|anledning|
av	PL	|av|
Kungl	JJ	|
.	MAD	|
Maj:ts	NN	|
proposition	NN	|proposition|
nr	NN	|nr|
1	RG	|
,	MID	|
såvitt	KN	|
propositionen	NN	|proposition|
angår	VB	|angå|
det	DT	|den|en|
promilletal	NN	|
,	MID	|
varmed	HA	|varmed|
skogsvårdsavgiften	NN	|
skall	NN	|skall|
utgå	VB	|utgå|
för	KN	|för|
år	NN	|år|
1970	RG	|
;	MID	|
bankoutskottets	NN	|
utlåtanden	NN	|utlåtande|
:	MID	|
nr	NN	|nr|
6	RG	|
,	MID	|
i	PL	|
anledning	NN	|anledning|
av	PL	|av|
proposition	NN	|proposition|
med	PP	|med|
förslag	NN	|förslag|
till	PL	|till|
lag	NN	|lag|
om	PL	|om|
Sveriges	PM	|Sverige|
allmänna	JJ	|allmän|
hypoteksbank	JJ	|
och	KN	|och|
om	PL	|om|
landshypoteksföreningar	NN	|
,	MID	|
m	NN	|m|
.	MAD	|
m	NN	|m|
.	MAD	|
,	MID	|
jämte	PP	|jämte|
motioner	NN	|motion|
;	MID	|
nr	NN	|nr|
7	RG	|
,	MID	|
i	PL	|
anledning	NN	|anledning|
av	PL	|av|
motioner	NN	|motion|
om	PL	|om|
ett	RG	|en|
värdefast	PC	|värdefast|
statligt	JJ	|statlig|
obligationslån	NN	|obligationslån|
;	MID	|
nr	NN	|nr|
8	RG	|
,	MID	|
i	PL	|
anledning	NN	|anledning|
av	PL	|av|
motion	NN	|motion|
om	AB	|om|
inrättande	PC	|inrätta|
av	PM	|
en	PN	|man|
riksdagens	NN	|riksdag|
informationstjänst	NN	|
;	MID	|
och	KN	|och|
nr	NN	|nr|
9	RG	|
,	MID	|
i	PL	|
anledning	NN	|anledning|
av	PL	|av|
motioner	NN	|motion|
om	PL	|om|
ökad	PC	|öka|
service	NN	|service|
åt	PL	|
riksdagens	NN	|riksdag|
ledamöter	NN	|ledamot|
;	MID	|
samt	KN	|samt|
jordbruksutskottets	NN	|
utlåtande	NN	|utlåtande|
nr	NN	|nr|
2	RG	|
,	MID	|
i	PL	|
anledning	NN	|anledning|
av	PL	|av|
Kungl	JJ	|
.	MAD	|
Maj:ts	NN	|
proposition	NN	|proposition|
angående	PP	|angående|
utgifter	NN	|utgift|
på	PP	|på|
tilläggsstat	NN	|tilläggsstat|
II	RO	|II|
till	AB	|till|
riksstaten	NN	|riksstat|
för	PL	|för|
budgetåret	NN	|budgetår|
1969	RG	|
/	PAD	|
70	RG	|
,	MID	|
såvitt	KN	|
propositionen	NN	|proposition|
avser	VB	|avse|
jordbruksärenden	NN	|
.	MAD	|
Justerades	VB	|justera|
ett	RG	|en|
protokollsutdrag	NN	|
för	KN	|för|
denna	PN	|denna|
dag	NN	|dag|
,	MID	|
varefter	HA	|varefter|
kammarens	NN	|kammare|
sammanträde	NN	|sammanträde|
avslutades	VB	|avsluta|
kl.	NN	|kl.|
14.08	RG	|
.	MAD	|
In	AB	|in|
fidem	NN	|
K.-G	JJ	|
.	MAD	|
Lindelöw	PM	|
/	PAD	|
Solveig	PM	|
Gemert	JJ	|